Date,price_coffee,price_oil
2008-01-14,2051.0,94.2
2008-01-15,2036.0,91.9
2008-01-16,2040.0,90.84
2008-01-17,2037.0,90.13
2008-01-18,2027.0,90.57
2008-01-22,2073.0,89.85
2008-01-23,2062.0,86.99
2008-01-24,2057.0,89.41
2008-01-25,2051.0,90.71
2008-01-28,2075.0,90.99
2008-01-29,2092.0,91.64
2008-01-30,2113.0,92.33
2008-01-31,2108.0,91.75
2008-02-01,2130.0,88.96
2008-02-04,2165.0,90.02
2008-02-05,2166.0,88.41
2008-02-06,2175.0,87.14
2008-02-07,2194.0,88.11
2008-02-08,2220.0,91.77
2008-02-11,2200.0,93.59
2008-02-12,2197.0,92.78
2008-02-13,2267.0,93.27
2008-02-14,2356.0,95.46
2008-02-15,2357.0,95.5
2008-02-19,2380.0,100.01
2008-02-20,2380.0,100.74
2008-02-21,2436.0,98.23
2008-02-22,2495.0,98.81
2008-02-25,2561.0,99.23
2008-02-26,2527.0,100.88
2008-02-27,2624.0,99.64
2008-02-28,2711.0,102.59
2008-02-29,2718.0,101.84
2008-03-03,2721.0,102.45
2008-03-04,2722.0,99.52
2008-03-05,2751.0,104.52
2008-03-06,2588.0,105.47
2008-03-07,2469.0,105.15
2008-03-10,2481.0,107.9
2008-03-11,2517.0,108.75
2008-03-12,2587.0,109.92
2008-03-13,2676.0,110.33
2008-03-14,2566.0,110.21
2008-03-17,2381.0,105.68
2008-03-18,2391.0,109.42
2008-03-19,2280.0,104.48
2008-03-20,2188.0,101.84
2008-03-25,2240.0,101.22
2008-03-26,2242.0,105.9
2008-03-27,2314.0,107.58
2008-03-28,2255.0,105.62
2008-03-31,2234.0,101.58
2008-04-01,2208.0,100.98
2008-04-02,2197.0,104.83
2008-04-03,2220.0,103.83
2008-04-04,2212.0,106.23
2008-04-07,2210.0,109.09
2008-04-08,2213.0,108.5
2008-04-09,2255.0,110.87
2008-04-10,2233.0,110.11
2008-04-11,2233.0,110.14
2008-04-14,2235.0,111.76
2008-04-15,2235.0,113.79
2008-04-16,2271.0,114.93
2008-04-17,2330.0,114.86
2008-04-18,2272.0,116.69
2008-04-21,2239.0,117.48
2008-04-22,2320.0,119.37
2008-04-23,2260.0,118.3
2008-04-24,2256.0,116.06
2008-04-25,2213.0,118.52
2008-04-28,2255.0,118.75
2008-04-29,2220.0,115.63
2008-04-30,2220.0,113.46
2008-05-01,2106.0,112.52
2008-05-02,2105.0,116.32
2008-05-05,2105.0,119.97
2008-05-06,2120.0,121.84
2008-05-07,2101.0,123.53
2008-05-08,2101.0,123.69
2008-05-09,2180.0,125.96
2008-05-12,2208.0,124.23
2008-05-13,2218.0,125.8
2008-05-14,2205.0,124.22
2008-05-15,2205.0,124.12
2008-05-16,2234.0,126.29
2008-05-19,2215.0,127.05
2008-05-20,2237.0,129.07
2008-05-21,2281.0,133.17
2008-05-22,2202.0,130.81
2008-05-23,2205.0,132.19
2008-05-27,2195.0,128.85
2008-05-28,2144.0,131.03
2008-05-29,2120.0,126.62
2008-05-30,2212.0,127.35
2008-06-02,2251.0,127.76
2008-06-03,2206.0,124.31
2008-06-04,2192.0,122.3
2008-06-05,2245.0,127.79
2008-06-06,2202.0,138.54
2008-06-09,2138.0,134.35
2008-06-10,2169.0,131.31
2008-06-11,2160.0,136.38
2008-06-12,2184.0,136.74
2008-06-13,2184.0,134.86
2008-06-16,2197.0,134.61
2008-06-17,2239.0,134.01
2008-06-18,2230.0,136.68
2008-06-19,2223.0,131.93
2008-06-20,2315.0,134.62
2008-06-23,2296.0,136.74
2008-06-24,2291.0,137.0
2008-06-25,2334.0,134.55
2008-06-26,2384.0,139.64
2008-06-27,2361.0,140.21
2008-06-30,2396.0,140.0
2008-07-01,2465.0,140.97
2008-07-02,2463.0,143.57
2008-07-03,2416.0,145.29
2008-07-07,2368.0,141.37
2008-07-08,2248.0,136.04
2008-07-09,2253.0,136.05
2008-07-10,2271.0,141.65
2008-07-11,2261.0,145.08
2008-07-14,2277.0,145.18
2008-07-15,2260.0,138.74
2008-07-16,2264.0,134.6
2008-07-17,2257.0,129.29
2008-07-18,2251.0,128.88
2008-07-21,2253.0,131.04
2008-07-22,2278.0,127.95
2008-07-23,2230.0,124.44
2008-07-24,2225.0,125.49
2008-07-25,2261.0,123.26
2008-07-28,2245.0,124.73
2008-07-29,2286.0,122.19
2008-07-30,2287.0,126.77
2008-07-31,2317.0,124.08
2008-08-01,2337.0,125.1
2008-08-04,2261.0,121.41
2008-08-05,2340.0,119.17
2008-08-06,2320.0,118.58
2008-08-07,2340.0,120.02
2008-08-08,2295.0,115.2
2008-08-11,2292.0,114.45
2008-08-12,2265.0,113.01
2008-08-13,2210.0,116.0
2008-08-14,2203.0,115.01
2008-08-15,2170.0,113.77
2008-08-18,2223.0,112.87
2008-08-19,2258.0,114.53
2008-08-20,2250.0,114.98
2008-08-21,2250.0,121.18
2008-08-22,2260.0,114.59
2008-08-25,2260.0,115.11
2008-08-26,2300.0,116.27
2008-08-27,2275.0,118.15
2008-08-28,2260.0,115.59
2008-08-29,2275.0,115.46
2008-09-02,2225.0,109.71
2008-09-03,2195.0,109.35
2008-09-04,2196.0,107.89
2008-09-05,2148.0,106.23
2008-09-08,2162.0,106.34
2008-09-09,2147.0,103.26
2008-09-10,2158.0,102.58
2008-09-11,2147.0,100.87
2008-09-12,2149.0,101.18
2008-09-15,2164.0,95.71
2008-09-16,2062.0,91.15
2008-09-17,2066.0,97.16
2008-09-18,2063.0,97.88
2008-09-19,2097.0,104.55
2008-09-22,2141.0,120.92
2008-09-23,2123.0,106.61
2008-09-24,2128.0,105.73
2008-09-25,2146.0,108.02
2008-09-26,2077.0,106.89
2008-09-29,2011.0,96.37
2008-09-30,1992.0,100.64
2008-10-01,1980.0,98.53
2008-10-02,1945.0,93.97
2008-10-03,1921.0,93.88
2008-10-06,1816.0,87.81
2008-10-07,1826.0,90.06
2008-10-08,1715.0,88.95
2008-10-09,1773.0,86.59
2008-10-10,1700.0,77.7
2008-10-13,1763.0,81.19
2008-10-14,1793.0,78.63
2008-10-15,1722.0,74.54
2008-10-16,1715.0,69.85
2008-10-17,1740.0,71.85
2008-10-20,1724.0,74.25
2008-10-21,1718.0,70.89
2008-10-22,1693.0,66.75
2008-10-23,1650.0,67.84
2008-10-24,1610.0,64.15
2008-10-27,1542.0,63.22
2008-10-28,1545.0,62.73
2008-10-29,1562.0,67.5
2008-10-30,1537.0,65.96
2008-10-31,1558.0,67.81
2008-11-03,1561.0,63.91
2008-11-04,1675.0,70.53
2008-11-05,1695.0,65.3
2008-11-06,1621.0,60.77
2008-11-07,1625.0,61.04
2008-11-10,1745.0,62.41
2008-11-11,1713.0,59.33
2008-11-12,1685.0,56.16
2008-11-13,1670.0,58.24
2008-11-14,1675.0,57.04
2008-11-17,1661.0,54.95
2008-11-18,1669.0,54.39
2008-11-19,1655.0,53.62
2008-11-20,1625.0,49.62
2008-11-21,1622.0,49.93
2008-11-24,1674.0,54.5
2008-11-25,1681.0,50.77
2008-11-26,1721.0,54.44
2008-11-28,1746.0,54.43
2008-12-01,1694.0,49.28
2008-12-02,1675.0,46.96
2008-12-03,1669.0,46.79
2008-12-04,1580.0,43.67
2008-12-05,1564.0,40.81
2008-12-08,1605.0,43.71
2008-12-09,1619.0,42.07
2008-12-10,1646.0,43.52
2008-12-11,1661.0,47.98
2008-12-12,1641.0,46.28
2008-12-15,1638.0,44.51
2008-12-16,1620.0,43.6
2008-12-17,1634.0,40.06
2008-12-18,1648.0,36.22
2008-12-19,1597.0,33.87
2008-12-22,1573.0,39.91
2008-12-23,1547.0,38.98
2008-12-24,1549.0,35.35
2008-12-29,1533.0,40.02
2008-12-30,1544.0,39.03
2008-12-31,1522.0,44.6
2009-01-02,1565.0,46.34
2009-01-05,1545.0,48.81
2009-01-06,1648.0,48.58
2009-01-07,1623.0,42.63
2009-01-08,1620.0,41.7
2009-01-09,1674.0,40.83
2009-01-12,1639.0,37.59
2009-01-13,1623.0,37.78
2009-01-14,1614.0,37.28
2009-01-15,1609.0,35.4
2009-01-16,1662.0,36.51
2009-01-20,1656.0,38.74
2009-01-21,1668.0,43.55
2009-01-22,1695.0,43.67
2009-01-23,1706.0,46.47
2009-01-26,1718.0,45.73
2009-01-27,1715.0,41.58
2009-01-28,1713.0,42.16
2009-01-29,1715.0,41.44
2009-01-30,1715.0,41.68
2009-02-02,1665.0,40.08
2009-02-03,1659.0,40.78
2009-02-04,1597.0,40.32
2009-02-05,1649.0,41.17
2009-02-06,1665.0,40.17
2009-02-09,1655.0,39.56
2009-02-10,1608.0,37.55
2009-02-11,1614.0,35.94
2009-02-12,1575.0,33.98
2009-02-13,1578.0,37.51
2009-02-17,1572.0,34.93
2009-02-18,1566.0,34.62
2009-02-19,1577.0,39.48
2009-02-20,1558.0,38.94
2009-02-23,1573.0,38.44
2009-02-24,1572.0,39.96
2009-02-25,1565.0,42.5
2009-02-26,1557.0,45.22
2009-02-27,1543.0,44.76
2009-03-02,1512.0,40.15
2009-03-03,1498.0,41.65
2009-03-04,1524.0,45.38
2009-03-05,1516.0,43.61
2009-03-06,1510.0,45.52
2009-03-09,1464.0,47.07
2009-03-10,1432.0,45.71
2009-03-11,1422.0,42.33
2009-03-12,1528.0,47.03
2009-03-13,1539.0,46.25
2009-03-16,1525.0,47.35
2009-03-17,1509.0,49.16
2009-03-18,1522.0,48.14
2009-03-19,1550.0,51.61
2009-03-20,1535.0,51.06
2009-03-23,1566.0,53.8
2009-03-24,1556.0,53.98
2009-03-25,1553.0,52.77
2009-03-26,1557.0,54.34
2009-03-27,1540.0,52.38
2009-03-30,1524.0,48.41
2009-03-31,1524.0,49.66
2009-04-01,1533.0,48.39
2009-04-02,1561.0,52.64
2009-04-03,1564.0,52.51
2009-04-06,1563.0,51.05
2009-04-07,1560.0,49.15
2009-04-08,1559.0,49.38
2009-04-09,1570.0,52.24
2009-04-14,1521.0,49.41
2009-04-15,1514.0,49.25
2009-04-16,1502.0,49.98
2009-04-17,1493.0,50.33
2009-04-20,1502.0,45.88
2009-04-21,1494.0,46.51
2009-04-22,1498.0,48.85
2009-04-23,1484.0,49.62
2009-04-24,1497.0,51.55
2009-04-27,1454.0,50.14
2009-04-28,1448.0,49.92
2009-04-29,1449.0,50.97
2009-04-30,1424.0,51.12
2009-05-01,1475.0,53.2
2009-05-04,1475.0,54.47
2009-05-05,1495.0,53.84
2009-05-06,1501.0,56.34
2009-05-07,1477.0,56.71
2009-05-08,1484.0,58.63
2009-05-11,1484.0,58.5
2009-05-12,1485.0,58.85
2009-05-13,1480.0,58.02
2009-05-14,1481.0,58.62
2009-05-15,1487.0,56.34
2009-05-18,1507.0,59.03
2009-05-19,1511.0,59.65
2009-05-20,1505.0,62.04
2009-05-21,1512.0,61.05
2009-05-22,1489.0,61.67
2009-05-26,1485.0,62.45
2009-05-27,1508.0,63.45
2009-05-28,1491.0,65.08
2009-05-29,1491.0,66.31
2009-06-01,1559.0,68.58
2009-06-02,1548.0,68.55
2009-06-03,1535.0,66.12
2009-06-04,1543.0,68.81
2009-06-05,1548.0,68.44
2009-06-08,1537.0,68.09
2009-06-09,1544.0,70.01
2009-06-10,1535.0,71.33
2009-06-11,1533.0,72.68
2009-06-12,1523.0,72.04
2009-06-15,1446.0,70.62
2009-06-16,1470.0,70.47
2009-06-17,1441.0,71.03
2009-06-18,1437.0,71.37
2009-06-19,1344.0,69.55
2009-06-22,1349.0,66.93
2009-06-23,1302.0,69.24
2009-06-24,1297.0,68.67
2009-06-25,1288.0,70.23
2009-06-26,1270.0,69.16
2009-06-29,1294.0,71.49
2009-06-30,1299.0,69.89
2009-07-01,1300.0,69.31
2009-07-02,1319.0,66.73
2009-07-06,1331.0,64.05
2009-07-07,1334.0,62.93
2009-07-08,1331.0,60.14
2009-07-09,1339.0,60.41
2009-07-10,1350.0,59.89
2009-07-13,1354.0,59.69
2009-07-14,1376.0,59.52
2009-07-15,1399.0,61.54
2009-07-16,1401.0,62.02
2009-07-17,1438.0,63.56
2009-07-20,1499.0,63.98
2009-07-21,1487.0,64.72
2009-07-22,1468.0,65.4
2009-07-23,1483.0,67.16
2009-07-24,1449.0,68.05
2009-07-27,1451.0,68.38
2009-07-28,1454.0,67.23
2009-07-29,1464.0,63.35
2009-07-30,1468.0,66.94
2009-07-31,1468.0,69.45
2009-08-03,1515.0,71.58
2009-08-04,1520.0,71.42
2009-08-05,1499.0,71.97
2009-08-06,1494.0,71.94
2009-08-07,1491.0,70.93
2009-08-10,1463.0,70.6
2009-08-11,1452.0,69.45
2009-08-12,1437.0,70.16
2009-08-13,1415.0,70.52
2009-08-14,1393.0,67.51
2009-08-17,1364.0,66.75
2009-08-18,1360.0,69.19
2009-08-19,1364.0,72.42
2009-08-20,1344.0,72.54
2009-08-21,1335.0,73.89
2009-08-24,1316.0,74.37
2009-08-25,1335.0,72.05
2009-08-26,1399.0,71.43
2009-08-27,1375.0,72.49
2009-08-28,1373.0,72.74
2009-08-31,1373.0,69.96
2009-09-01,1374.0,68.05
2009-09-02,1411.0,68.05
2009-09-03,1405.0,67.96
2009-09-04,1418.0,68.02
2009-09-08,1478.0,71.1
2009-09-09,1479.0,71.31
2009-09-10,1463.0,71.94
2009-09-11,1474.0,69.29
2009-09-14,1491.0,68.86
2009-09-15,1488.0,70.93
2009-09-16,1498.0,72.51
2009-09-17,1510.0,72.47
2009-09-18,1499.0,72.04
2009-09-21,1465.0,69.71
2009-09-22,1465.0,71.55
2009-09-23,1466.0,68.97
2009-09-24,1389.0,65.89
2009-09-25,1390.0,66.02
2009-09-28,1390.0,66.84
2009-09-29,1375.0,66.71
2009-09-30,1375.0,70.61
2009-10-01,1363.0,70.82
2009-10-02,1383.0,69.95
2009-10-05,1376.0,70.41
2009-10-06,1419.0,70.88
2009-10-07,1437.0,69.57
2009-10-08,1481.0,71.69
2009-10-09,1461.0,71.77
2009-10-12,1470.0,73.27
2009-10-13,1427.0,74.15
2009-10-14,1445.0,75.18
2009-10-15,1443.0,77.58
2009-10-16,1460.0,78.53
2009-10-19,1461.0,79.61
2009-10-20,1446.0,79.09
2009-10-21,1450.0,81.37
2009-10-22,1437.0,81.19
2009-10-23,1363.0,80.5
2009-10-26,1365.0,78.68
2009-10-27,1394.0,79.55
2009-10-28,1393.0,77.46
2009-10-29,1406.0,79.87
2009-10-30,1386.0,77.0
2009-11-02,1431.0,78.13
2009-11-03,1414.0,79.6
2009-11-04,1408.0,80.4
2009-11-05,1406.0,79.62
2009-11-06,1402.0,77.43
2009-11-09,1370.0,79.43
2009-11-10,1275.0,79.05
2009-11-11,1313.0,79.28
2009-11-12,1293.0,76.94
2009-11-13,1285.0,76.35
2009-11-16,1318.0,78.9
2009-11-17,1308.0,79.14
2009-11-18,1334.0,79.58
2009-11-19,1311.0,77.46
2009-11-20,1324.0,76.72
2009-11-23,1334.0,77.56
2009-11-24,1314.0,76.02
2009-11-25,1326.0,77.96
2009-11-27,1318.0,76.05
2009-11-30,1318.0,77.28
2009-12-01,1347.0,78.37
2009-12-02,1336.0,76.6
2009-12-03,1346.0,76.46
2009-12-04,1320.0,75.47
2009-12-07,1377.0,73.93
2009-12-08,1355.0,72.62
2009-12-09,1373.0,70.67
2009-12-10,1382.0,70.54
2009-12-11,1366.0,69.87
2009-12-14,1371.0,69.51
2009-12-15,1373.0,70.69
2009-12-16,1373.0,72.66
2009-12-17,1348.0,72.65
2009-12-18,1325.0,73.36
2009-12-21,1305.0,72.47
2009-12-22,1289.0,74.4
2009-12-23,1295.0,76.67
2009-12-24,1287.0,78.05
2009-12-28,1286.0,78.77
2009-12-29,1260.0,78.87
2009-12-30,1277.0,79.28
2009-12-31,1294.0,79.36
2010-01-04,1321.0,81.51
2010-01-05,1315.0,81.77
2010-01-06,1339.0,83.18
2010-01-07,1348.0,82.66
2010-01-08,1360.0,82.75
2010-01-11,1346.0,82.52
2010-01-12,1357.0,80.79
2010-01-13,1359.0,79.65
2010-01-14,1357.0,79.39
2010-01-15,1336.0,78.0
2010-01-19,1328.0,79.02
2010-01-20,1305.0,77.62
2010-01-21,1292.0,76.08
2010-01-22,1325.0,74.54
2010-01-25,1329.0,75.26
2010-01-26,1312.0,74.71
2010-01-27,1298.0,73.67
2010-01-28,1295.0,73.64
2010-01-29,1295.0,72.89
2010-02-01,1322.0,74.43
2010-02-02,1339.0,77.23
2010-02-03,1324.0,76.98
2010-02-04,1310.0,73.14
2010-02-05,1295.0,71.19
2010-02-08,1296.0,71.89
2010-02-09,1300.0,73.75
2010-02-10,1295.0,74.52
2010-02-11,1300.0,75.28
2010-02-12,1297.0,74.13
2010-02-16,1286.0,77.01
2010-02-17,1277.0,77.33
2010-02-18,1272.0,79.06
2010-02-19,1269.0,79.81
2010-02-22,1226.0,80.16
2010-02-23,1226.0,78.86
2010-02-24,1233.0,80.0
2010-02-25,1216.0,78.17
2010-02-26,1238.0,79.66
2010-03-01,1269.0,78.7
2010-03-02,1252.0,79.68
2010-03-03,1254.0,80.87
2010-03-04,1210.0,80.21
2010-03-05,1200.0,81.5
2010-03-08,1190.0,81.87
2010-03-09,1219.0,81.49
2010-03-10,1208.0,82.09
2010-03-11,1203.0,82.11
2010-03-12,1203.0,81.24
2010-03-15,1201.0,79.8
2010-03-16,1206.0,81.7
2010-03-17,1223.0,82.93
2010-03-18,1242.0,82.2
2010-03-19,1226.0,80.68
2010-03-22,1241.0,81.25
2010-03-23,1255.0,81.91
2010-03-24,1255.0,80.61
2010-03-25,1310.0,80.53
2010-03-26,1307.0,80.0
2010-03-29,1339.0,82.17
2010-03-30,1324.0,82.37
2010-03-31,1324.0,83.76
2010-04-01,1356.0,84.87
2010-04-05,1355.0,86.62
2010-04-06,1363.0,86.84
2010-04-07,1345.0,85.88
2010-04-08,1338.0,85.39
2010-04-09,1340.0,84.92
2010-04-12,1353.0,84.34
2010-04-13,1346.0,84.05
2010-04-14,1348.0,85.84
2010-04-15,1348.0,85.51
2010-04-16,1345.0,83.24
2010-04-19,1314.0,81.45
2010-04-20,1298.0,83.45
2010-04-21,1284.0,83.68
2010-04-22,1292.0,83.7
2010-04-23,1297.0,85.12
2010-04-26,1289.0,84.2
2010-04-27,1244.0,82.44
2010-04-28,1266.0,83.22
2010-04-29,1282.0,85.17
2010-04-30,1292.0,86.15
2010-05-03,1292.0,86.19
2010-05-04,1341.0,82.74
2010-05-05,1335.0,79.97
2010-05-06,1313.0,77.11
2010-05-07,1331.0,75.11
2010-05-10,1337.0,76.8
2010-05-11,1351.0,76.37
2010-05-12,1368.0,75.65
2010-05-13,1354.0,74.4
2010-05-14,1328.0,71.61
2010-05-17,1307.0,70.08
2010-05-18,1324.0,69.41
2010-05-19,1291.0,69.87
2010-05-20,1289.0,68.01
2010-05-21,1289.0,70.04
2010-05-24,1282.0,70.21
2010-05-25,1283.0,68.75
2010-05-26,1290.0,71.51
2010-05-27,1301.0,74.55
2010-05-28,1301.0,73.97
2010-06-01,1349.0,72.58
2010-06-02,1338.0,72.86
2010-06-03,1346.0,74.61
2010-06-04,1336.0,71.51
2010-06-07,1338.0,71.44
2010-06-08,1341.0,71.99
2010-06-09,1383.0,74.38
2010-06-10,1473.0,75.48
2010-06-11,1560.0,73.78
2010-06-14,1568.0,75.12
2010-06-15,1551.0,76.94
2010-06-16,1563.0,77.67
2010-06-17,1540.0,76.79
2010-06-18,1543.0,77.18
2010-06-21,1538.0,77.82
2010-06-22,1532.0,77.21
2010-06-23,1551.0,76.35
2010-06-24,1622.0,76.51
2010-06-25,1671.0,78.86
2010-06-28,1680.0,78.25
2010-06-29,1667.0,75.94
2010-06-30,1699.0,75.63
2010-07-01,1740.0,72.95
2010-07-02,1729.0,72.14
2010-07-06,1625.0,71.98
2010-07-07,1644.0,74.07
2010-07-08,1671.0,75.44
2010-07-09,1682.0,76.09
2010-07-12,1680.0,74.95
2010-07-13,1696.0,77.15
2010-07-14,1709.0,77.04
2010-07-15,1730.0,76.62
2010-07-16,1741.0,76.01
2010-07-19,1720.0,76.54
2010-07-20,1678.0,77.44
2010-07-21,1650.0,76.56
2010-07-22,1669.0,79.3
2010-07-23,1710.0,78.98
2010-07-26,1703.0,78.98
2010-07-27,1691.0,77.5
2010-07-28,1714.0,76.99
2010-07-29,1741.0,78.36
2010-07-30,1741.0,78.95
2010-08-02,1778.0,81.34
2010-08-03,1717.0,82.55
2010-08-04,1741.0,82.47
2010-08-05,1740.0,82.01
2010-08-06,1718.0,80.7
2010-08-09,1724.0,81.48
2010-08-10,1708.0,80.25
2010-08-11,1708.0,78.02
2010-08-12,1735.0,75.74
2010-08-13,1731.0,75.39
2010-08-16,1730.0,75.24
2010-08-17,1744.0,75.77
2010-08-18,1712.0,75.42
2010-08-19,1711.0,74.43
2010-08-20,1751.0,73.46
2010-08-23,1737.0,73.1
2010-08-24,1600.0,71.63
2010-08-25,1559.0,72.52
2010-08-26,1563.0,73.36
2010-08-27,1597.0,75.17
2010-08-30,1597.0,74.7
2010-08-31,1602.0,71.92
2010-09-01,1617.0,73.91
2010-09-02,1611.0,75.02
2010-09-03,1604.0,74.6
2010-09-07,1595.0,74.09
2010-09-08,1610.0,74.67
2010-09-09,1574.0,74.25
2010-09-10,1565.0,76.45
2010-09-13,1562.0,77.19
2010-09-14,1582.0,76.8
2010-09-15,1620.0,76.02
2010-09-16,1644.0,74.57
2010-09-17,1660.0,73.66
2010-09-20,1645.0,74.86
2010-09-21,1660.0,73.52
2010-09-22,1686.0,74.71
2010-09-23,1726.0,75.18
2010-09-24,1716.0,76.49
2010-09-27,1725.0,76.52
2010-09-28,1755.0,76.18
2010-09-29,1726.0,77.86
2010-09-30,1726.0,79.97
2010-10-01,1725.0,81.58
2010-10-04,1634.0,81.47
2010-10-05,1640.0,82.82
2010-10-06,1627.0,83.23
2010-10-07,1621.0,81.67
2010-10-08,1655.0,82.66
2010-10-11,1627.0,82.21
2010-10-12,1653.0,81.67
2010-10-13,1648.0,83.01
2010-10-14,1650.0,82.69
2010-10-15,1651.0,81.25
2010-10-18,1652.0,83.08
2010-10-19,1715.0,79.49
2010-10-20,1818.0,81.77
2010-10-21,1872.0,80.56
2010-10-22,1804.0,81.69
2010-10-25,1835.0,82.52
2010-10-26,1854.0,82.55
2010-10-27,1910.0,81.94
2010-10-28,1882.0,82.18
2010-10-29,1965.0,81.43
2010-11-01,1912.0,82.95
2010-11-02,1923.0,83.9
2010-11-03,1924.0,84.69
2010-11-04,1994.0,86.49
2010-11-05,1972.0,86.85
2010-11-08,2036.0,87.06
2010-11-09,2056.0,86.72
2010-11-10,1970.0,87.81
2010-11-11,1920.0,87.81
2010-11-12,1885.0,84.88
2010-11-15,1909.0,84.86
2010-11-16,1850.0,82.34
2010-11-17,1852.0,80.44
2010-11-18,1890.0,81.85
2010-11-19,1889.0,81.51
2010-11-22,1827.0,81.74
2010-11-23,1832.0,81.25
2010-11-24,1813.0,83.86
2010-11-26,1800.0,83.76
2010-11-29,1763.0,85.73
2010-11-30,1763.0,84.11
2010-12-01,1800.0,86.75
2010-12-02,1867.0,88.0
2010-12-03,1864.0,89.19
2010-12-06,1860.0,89.38
2010-12-07,1875.0,88.69
2010-12-08,1881.0,88.28
2010-12-09,1923.0,88.37
2010-12-10,1921.0,87.79
2010-12-13,1946.0,88.61
2010-12-14,1914.0,88.28
2010-12-15,1922.0,88.62
2010-12-16,1936.0,87.7
2010-12-17,1973.0,88.02
2010-12-20,1976.0,88.81
2010-12-21,1990.0,89.82
2010-12-22,1988.0,90.48
2010-12-23,1984.0,91.51
2010-12-29,1995.0,91.12
2010-12-30,2065.0,89.84
2010-12-31,2082.0,91.38
2011-01-03,2082.0,91.55
2011-01-04,2072.0,89.38
2011-01-05,1995.0,90.3
2011-01-06,2026.0,88.38
2011-01-07,2018.0,88.03
2011-01-10,2050.0,89.25
2011-01-11,2105.0,91.11
2011-01-12,2162.0,91.86
2011-01-13,2135.0,91.4
2011-01-14,2121.0,91.54
2011-01-18,2140.0,91.38
2011-01-19,2110.0,90.86
2011-01-20,2108.0,88.86
2011-01-21,2140.0,89.11
2011-01-24,2107.0,87.87
2011-01-25,2084.0,86.19
2011-01-26,2093.0,87.33
2011-01-27,2061.0,85.64
2011-01-28,2100.0,89.34
2011-01-31,2100.0,92.19
2011-02-01,2231.0,90.77
2011-02-02,2225.0,90.86
2011-02-03,2239.0,90.54
2011-02-04,2207.0,89.03
2011-02-07,2215.0,87.48
2011-02-08,2195.0,86.94
2011-02-09,2221.0,86.71
2011-02-10,2224.0,86.73
2011-02-11,2216.0,85.58
2011-02-14,2239.0,84.81
2011-02-15,2252.0,84.32
2011-02-16,2241.0,84.99
2011-02-17,2257.0,86.36
2011-02-18,2288.0,86.2
2011-02-22,2335.0,93.57
2011-02-23,2319.0,98.1
2011-02-24,2285.0,97.28
2011-02-25,2288.0,97.88
2011-02-28,2339.0,96.97
2011-03-01,2337.0,99.63
2011-03-02,2327.0,102.23
2011-03-03,2335.0,101.91
2011-03-04,2349.0,104.42
2011-03-07,2362.0,105.44
2011-03-08,2420.0,105.02
2011-03-09,2481.0,104.38
2011-03-10,2465.0,102.7
2011-03-11,2380.0,101.16
2011-03-14,2349.0,101.19
2011-03-15,2338.0,97.18
2011-03-16,2440.0,97.98
2011-03-17,2525.0,101.42
2011-03-18,2550.0,101.07
2011-03-21,2575.0,102.33
2011-03-22,2536.0,104.0
2011-03-23,2505.0,105.75
2011-03-24,2505.0,105.6
2011-03-25,2540.0,105.4
2011-03-28,2505.0,103.98
2011-03-29,2505.0,104.79
2011-03-30,2525.0,104.27
2011-03-31,2525.0,106.72
2011-04-01,2421.0,107.94
2011-04-04,2339.0,108.47
2011-04-05,2498.0,108.34
2011-04-06,2472.0,108.83
2011-04-07,2496.0,110.3
2011-04-08,2468.0,112.79
2011-04-11,2427.0,109.92
2011-04-12,2431.0,106.25
2011-04-13,2496.0,107.11
2011-04-14,2466.0,108.11
2011-04-15,2462.0,109.66
2011-04-18,2414.0,107.12
2011-04-19,2428.0,108.15
2011-04-20,2454.0,111.45
2011-04-21,2408.0,112.29
2011-04-26,2473.0,112.21
2011-04-27,2510.0,112.76
2011-04-28,2531.0,112.86
2011-04-29,2531.0,113.93
2011-05-03,2598.0,111.05
2011-05-04,2564.0,109.24
2011-05-05,2567.0,99.8
2011-05-06,2590.0,97.18
2011-05-09,2594.0,102.55
2011-05-10,2567.0,103.88
2011-05-11,2500.0,98.21
2011-05-12,2505.0,98.97
2011-05-13,2520.0,99.65
2011-05-16,2463.0,97.37
2011-05-17,2480.0,96.91
2011-05-18,2520.0,100.1
2011-05-19,2533.0,98.44
2011-05-20,2534.0,99.49
2011-05-23,2527.0,97.7
2011-05-24,2540.0,99.59
2011-05-25,2571.0,101.32
2011-05-26,2581.0,100.23
2011-05-27,2575.0,100.59
2011-05-31,2575.0,102.7
2011-06-01,2562.0,100.29
2011-06-02,2471.0,100.4
2011-06-03,2489.0,100.22
2011-06-06,2404.0,99.01
2011-06-07,2433.0,99.09
2011-06-08,2444.0,100.74
2011-06-09,2461.0,101.93
2011-06-10,2462.0,99.29
2011-06-13,2423.0,97.3
2011-06-14,2347.0,99.37
2011-06-15,2387.0,94.81
2011-06-16,2380.0,94.95
2011-06-17,2302.0,93.01
2011-06-20,2238.0,93.26
2011-06-21,2258.0,93.4
2011-06-22,2214.0,95.41
2011-06-23,2178.0,91.02
2011-06-24,2282.0,91.16
2011-06-27,2341.0,90.61
2011-06-28,2455.0,92.89
2011-06-29,2439.0,94.77
2011-06-30,2453.0,95.42
2011-07-01,2427.0,94.94
2011-07-05,2423.0,96.89
2011-07-06,2424.0,96.65
2011-07-07,2423.0,98.67
2011-07-08,2397.0,96.2
2011-07-11,2314.0,95.15
2011-07-12,2241.0,97.43
2011-07-13,2281.0,98.05
2011-07-14,2261.0,95.69
2011-07-15,2231.0,97.24
2011-07-18,2208.0,95.93
2011-07-19,2120.0,97.5
2011-07-20,2073.0,98.14
2011-07-21,1960.0,99.13
2011-07-22,2029.0,99.87
2011-07-25,2105.0,99.2
2011-07-26,2128.0,99.59
2011-07-27,2082.0,97.4
2011-07-28,2039.0,97.44
2011-07-29,2039.0,95.7
2011-08-01,2102.0,94.89
2011-08-02,2120.0,93.79
2011-08-03,2094.0,91.93
2011-08-04,2045.0,86.63
2011-08-05,2062.0,86.88
2011-08-08,2050.0,81.31
2011-08-09,2098.0,79.3
2011-08-10,2133.0,82.89
2011-08-11,2190.0,85.72
2011-08-12,2248.0,85.38
2011-08-15,2296.0,87.88
2011-08-16,2314.0,86.65
2011-08-17,2350.0,87.58
2011-08-18,2275.0,82.38
2011-08-19,2270.0,82.26
2011-08-22,2316.0,84.12
2011-08-23,2377.0,85.44
2011-08-24,2365.0,85.16
2011-08-25,2345.0,85.3
2011-08-26,2340.0,85.37
2011-08-30,2325.0,88.9
2011-08-31,2298.0,88.81
2011-09-01,2295.0,88.93
2011-09-02,2241.0,86.45
2011-09-06,2133.0,86.02
2011-09-07,2134.0,89.34
2011-09-08,2189.0,89.05
2011-09-09,2128.0,87.24
2011-09-12,2147.0,88.19
2011-09-13,2101.0,90.21
2011-09-14,2050.0,88.91
2011-09-15,2012.0,89.4
2011-09-16,2073.0,87.96
2011-09-19,2095.0,85.7
2011-09-20,2104.0,86.89
2011-09-21,2025.0,85.92
2011-09-22,1992.0,80.51
2011-09-23,1917.0,79.85
2011-09-26,1923.0,80.24
2011-09-27,1956.0,84.45
2011-09-28,1955.0,81.21
2011-09-29,1964.0,82.14
2011-09-30,1964.0,79.2
2011-10-03,1929.0,77.61
2011-10-05,1990.0,79.68
2011-10-06,2025.0,82.59
2011-10-07,1955.0,82.98
2011-10-10,1952.0,85.41
2011-10-11,1890.0,85.81
2011-10-12,1926.0,85.57
2011-10-13,1983.0,84.23
2011-10-17,1935.0,86.38
2011-10-18,1886.0,88.34
2011-10-19,1872.0,86.11
2011-10-20,1814.0,85.3
2011-10-21,1868.0,87.4
2011-10-24,1890.0,91.27
2011-10-25,1831.0,93.17
2011-10-26,1833.0,90.2
2011-10-27,1864.0,93.96
2011-10-28,1857.0,93.32
2011-10-31,1779.0,93.19
2011-11-01,1835.0,92.19
2011-11-02,1819.0,92.51
2011-11-03,1795.0,94.07
2011-11-04,1763.0,94.26
2011-11-07,1793.0,95.52
2011-11-08,1799.0,96.8
2011-11-09,1791.0,95.74
2011-11-10,1780.0,97.78
2011-11-11,1802.0,98.99
2011-11-14,1842.0,98.14
2011-11-15,1844.0,99.37
2011-11-16,1822.0,102.59
2011-11-17,1814.0,98.82
2011-11-18,1839.0,97.41
2011-11-21,1830.0,96.92
2011-11-22,1837.0,98.01
2011-11-23,1884.0,96.17
2011-11-25,1890.0,96.77
2011-11-28,1913.0,98.21
2011-11-29,1944.0,99.79
2011-11-30,1944.0,100.36
2011-12-01,1993.0,100.2
2011-12-02,1955.0,100.96
2011-12-06,2010.0,101.28
2011-12-07,1953.0,100.49
2011-12-08,1910.0,98.34
2011-12-09,1926.0,99.41
2011-12-12,1885.0,97.77
2011-12-13,1900.0,100.14
2011-12-14,1871.0,94.95
2011-12-15,1861.0,93.87
2011-12-16,1853.0,93.53
2011-12-19,1834.0,93.88
2011-12-20,1847.0,97.22
2011-12-21,1823.0,98.67
2011-12-22,1807.0,99.53
2011-12-23,1783.0,99.68
2011-12-28,1777.0,99.36
2011-12-29,1767.0,99.65
2011-12-30,1766.0,98.83
2012-01-03,1800.0,102.96
2012-01-04,1796.0,103.22
2012-01-05,1758.0,101.81
2012-01-06,1704.0,101.56
2012-01-09,1741.0,101.31
2012-01-10,1781.0,102.24
2012-01-11,1816.0,100.87
2012-01-12,1865.0,99.1
2012-01-13,1817.0,98.7
2012-01-17,1830.0,100.71
2012-01-18,1834.0,100.59
2012-01-19,1863.0,100.39
2012-01-20,1917.0,98.46
2012-01-23,1876.0,99.58
2012-01-24,1876.0,98.95
2012-01-25,1877.0,99.4
2012-01-26,1862.0,99.7
2012-01-27,1860.0,99.56
2012-01-30,1838.0,98.78
2012-01-31,1838.0,98.48
2012-02-01,1819.0,97.61
2012-02-02,1800.0,96.36
2012-02-03,1837.0,97.84
2012-02-06,1831.0,96.91
2012-02-07,1861.0,98.41
2012-02-08,1878.0,98.71
2012-02-09,1950.0,99.84
2012-02-10,1994.0,98.67
2012-02-13,2074.0,100.91
2012-02-14,2110.0,100.74
2012-02-15,2143.0,101.8
2012-02-16,2167.0,102.31
2012-02-17,2094.0,103.24
2012-02-21,1973.0,105.84
2012-02-22,1948.0,106.28
2012-02-23,2018.0,107.83
2012-02-24,2057.0,109.77
2012-03-01,2017.0,108.84
2012-03-02,2019.0,106.7
2012-03-06,1952.0,104.7
2012-03-07,2028.0,106.16
2012-03-08,2088.0,106.58
2012-03-09,2050.0,107.4
2012-03-12,1982.0,106.34
2012-03-13,1965.0,106.71
2012-03-14,1996.0,105.43
2012-03-15,2027.0,105.11
2012-03-16,2033.0,107.06
2012-03-19,2020.0,108.09
2012-03-20,2031.0,105.61
2012-03-21,2021.0,107.27
2012-03-23,2013.0,106.87
2012-03-27,2049.0,107.33
2012-03-28,2048.0,105.41
2012-03-29,2031.0,102.78
2012-03-30,2031.0,103.02
2012-04-02,2036.0,105.23
2012-04-03,2025.0,104.01
2012-04-04,1991.0,101.47
2012-04-05,1987.0,103.31
2012-04-10,1975.0,101.02
2012-04-12,1996.0,103.64
2012-04-13,1998.0,102.83
2012-04-16,1992.0,102.93
2012-04-18,2019.0,102.67
2012-04-19,2010.0,102.27
2012-04-20,2033.0,103.05
2012-04-23,2025.0,103.11
2012-04-24,2025.0,103.55
2012-04-26,1984.0,104.55
2012-04-27,1964.0,104.93
2012-04-30,1961.0,104.87
2012-05-01,1942.0,106.16
2012-05-02,1953.0,105.22
2012-05-03,1951.0,102.54
2012-05-04,1995.0,98.49
2012-05-08,2019.0,97.01
2012-05-09,2022.0,96.81
2012-05-10,2080.0,97.08
2012-05-11,2100.0,96.13
2012-05-14,2116.0,94.78
2012-05-15,2127.0,93.98
2012-05-16,2152.0,92.81
2012-05-17,2163.0,92.56
2012-05-18,2185.0,91.48
2012-05-21,2131.0,92.57
2012-05-22,2165.0,91.66
2012-05-23,2158.0,89.9
2012-05-24,2200.0,90.66
2012-05-25,2215.0,90.86
2012-05-29,2237.0,90.76
2012-05-30,2211.0,87.82
2012-05-31,2211.0,86.53
2012-06-01,2158.0,83.23
2012-06-05,2158.0,84.29
2012-06-06,2174.0,85.02
2012-06-07,2123.0,84.82
2012-06-08,2074.0,84.1
2012-06-11,2062.0,82.7
2012-06-12,2062.0,83.32
2012-06-13,2090.0,82.62
2012-06-14,2093.0,83.91
2012-06-15,2095.0,84.03
2012-06-18,2066.0,83.27
2012-06-19,2082.0,84.03
2012-06-20,2062.0,81.8
2012-06-21,2059.0,78.2
2012-06-22,2016.0,79.76
2012-06-25,2012.0,79.21
2012-06-26,2042.0,79.36
2012-06-27,2062.0,80.21
2012-06-28,2054.0,77.69
2012-06-29,2103.0,84.96
2012-07-02,2095.0,83.75
2012-07-03,2111.0,87.66
2012-07-05,2065.0,87.22
2012-07-06,2044.0,84.45
2012-07-09,2033.0,85.99
2012-07-10,2012.0,83.91
2012-07-11,2020.0,85.81
2012-07-12,2012.0,86.08
2012-07-13,2062.0,87.1
2012-07-16,2088.0,88.43
2012-07-17,2082.0,89.22
2012-07-18,2110.0,89.87
2012-07-19,2168.0,92.66
2012-07-20,2165.0,91.44
2012-07-23,2150.0,88.14
2012-07-24,2141.0,88.5
2012-07-25,2132.0,88.97
2012-07-26,2192.0,89.39
2012-07-27,2229.0,90.13
2012-07-30,2223.0,89.78
2012-07-31,2223.0,88.06
2012-08-01,2212.0,88.91
2012-08-02,2229.0,87.13
2012-08-03,2224.0,91.4
2012-08-06,2228.0,92.2
2012-08-07,2199.0,93.67
2012-08-08,2179.0,93.35
2012-08-09,2166.0,93.36
2012-08-10,2167.0,92.87
2012-08-13,2130.0,92.73
2012-08-14,2070.0,93.43
2012-08-15,2049.0,94.33
2012-08-16,2064.0,95.6
2012-08-17,2063.0,96.01
2012-08-20,2065.0,95.97
2012-08-21,2072.0,96.68
2012-08-22,2043.0,97.26
2012-08-24,2018.0,96.15
2012-08-27,2057.0,95.47
2012-08-28,2034.0,96.33
2012-08-29,2034.0,95.49
2012-08-30,2024.0,94.62
2012-08-31,2038.0,96.47
2012-09-04,2045.0,95.3
2012-09-05,2019.0,95.36
2012-09-06,2012.0,95.53
2012-09-07,2049.0,96.42
2012-09-10,2059.0,96.54
2012-09-11,2049.0,97.17
2012-09-12,2050.0,97.01
2012-09-13,2059.0,98.31
2012-09-14,2060.0,99.0
2012-09-17,2041.0,96.62
2012-09-19,2010.0,91.98
2012-09-20,2041.0,91.87
2012-09-21,2083.0,92.89
2012-09-24,2084.0,91.93
2012-09-25,2144.0,91.37
2012-09-26,2130.0,89.98
2012-09-27,2188.0,91.85
2012-09-28,2188.0,92.19
2012-10-01,2179.0,92.48
2012-10-02,2200.0,91.89
2012-10-03,2180.0,88.14
2012-10-04,2152.0,91.71
2012-10-05,2095.0,89.88
2012-10-08,2064.0,89.33
2012-10-09,2066.0,92.39
2012-10-10,2098.0,91.25
2012-10-11,2076.0,92.07
2012-10-12,2052.0,91.86
2012-10-15,2036.0,91.85
2012-10-16,2039.0,92.09
2012-10-17,2032.0,92.12
2012-10-18,2021.0,92.1
2012-10-19,2063.0,90.05
2012-10-22,2058.0,88.73
2012-10-23,2035.0,86.67
2012-10-24,2039.0,85.73
2012-10-25,2029.0,86.05
2012-10-26,1996.0,86.28
2012-10-29,1989.0,85.54
2012-10-30,1955.0,85.68
2012-10-31,1940.0,86.24
2012-11-01,1958.0,87.09
2012-11-02,1952.0,84.86
2012-11-05,1927.0,85.65
2012-11-06,1903.0,88.71
2012-11-07,1903.0,84.44
2012-11-08,1943.0,85.09
2012-11-09,1944.0,86.07
2012-11-12,1951.0,85.57
2012-11-13,1877.0,85.38
2012-11-14,1875.0,86.32
2012-11-15,1893.0,85.45
2012-11-16,1899.0,86.67
2012-11-19,1896.0,89.28
2012-11-20,1862.0,86.75
2012-11-21,1850.0,87.38
2012-11-23,1850.0,88.28
2012-11-26,1839.0,87.74
2012-11-27,1906.0,87.18
2012-11-28,1930.0,86.49
2012-11-29,1933.0,88.07
2012-11-30,1933.0,88.91
2012-12-03,1907.0,89.09
2012-12-04,1877.0,88.5
2012-12-05,1881.0,87.88
2012-12-06,1905.0,86.26
2012-12-07,1896.0,85.93
2012-12-10,1874.0,85.56
2012-12-11,1888.0,85.79
2012-12-12,1897.0,86.77
2012-12-13,1929.0,85.89
2012-12-14,1908.0,86.73
2012-12-17,1863.0,87.2
2012-12-18,1847.0,87.93
2012-12-19,1877.0,89.51
2012-12-20,1918.0,90.13
2012-12-21,1933.0,88.66
2012-12-24,1954.0,88.61
2012-12-26,1906.0,90.98
2012-12-27,1960.0,90.87
2012-12-28,1961.0,90.8
2012-12-31,1963.0,91.82
2013-01-02,1988.0,93.12
2013-01-03,1995.0,92.92
2013-01-04,1997.0,93.09
2013-01-07,2013.0,93.19
2013-01-08,1965.0,93.15
2013-01-09,1961.0,93.1
2013-01-10,1968.0,93.82
2013-01-11,1994.0,93.56
2013-01-14,2021.0,94.14
2013-01-15,1998.0,93.28
2013-01-17,2028.0,95.49
2013-01-18,2026.0,95.56
2013-01-22,1988.0,96.24
2013-01-23,2012.0,95.23
2013-01-24,1996.0,95.95
2013-01-25,1987.0,95.88
2013-01-28,1990.0,96.44
2013-01-29,1986.0,97.57
2013-01-30,2018.0,97.94
2013-01-31,2018.0,97.49
2013-02-01,2049.0,97.77
2013-02-04,2036.0,96.17
2013-02-05,2066.0,96.64
2013-02-06,2069.0,96.62
2013-02-07,2098.0,95.83
2013-02-08,2123.0,95.72
2013-02-11,2078.0,97.03
2013-02-12,2070.0,97.51
2013-02-13,2066.0,97.01
2013-02-14,2030.0,97.31
2013-02-15,2022.0,95.86
2013-02-20,2021.0,94.46
2013-02-21,2030.0,92.84
2013-02-22,2048.0,93.13
2013-02-25,2035.0,93.11
2013-02-26,2040.0,92.63
2013-02-27,2051.0,92.76
2013-02-28,2058.0,92.05
2013-03-01,2072.0,90.68
2013-03-04,2071.0,90.12
2013-03-05,2050.0,90.82
2013-03-06,2085.0,90.43
2013-03-07,2123.0,91.56
2013-03-08,2151.0,91.95
2013-03-11,2136.0,92.06
2013-03-12,2161.0,92.54
2013-03-13,2163.0,92.52
2013-03-14,2130.0,93.03
2013-03-15,2159.0,93.45
2013-03-18,2145.0,93.74
2013-03-19,2124.0,92.16
2013-03-20,2105.0,92.96
2013-03-21,2112.0,92.45
2013-03-22,2095.0,93.71
2013-03-25,2074.0,94.81
2013-03-26,2057.0,96.34
2013-03-27,2023.0,96.58
2013-03-28,2023.0,97.23
2013-04-02,2020.0,97.19
2013-04-03,2047.0,94.45
2013-04-04,2015.0,93.26
2013-04-05,2011.0,92.7
2013-04-09,1992.0,94.2
2013-04-10,1987.0,94.64
2013-04-12,2030.0,91.29
2013-04-15,2024.0,88.71
2013-04-16,2030.0,88.72
2013-04-17,2034.0,86.68
2013-04-18,2043.0,87.73
2013-04-19,2056.0,88.01
2013-04-22,2060.0,88.76
2013-04-23,1979.0,89.18
2013-04-24,1952.0,91.43
2013-04-25,1944.0,93.64
2013-04-26,1961.0,93.0
2013-04-29,1961.0,94.5
2013-04-30,1965.0,93.46
2013-05-01,1964.0,91.03
2013-05-02,1983.0,93.99
2013-05-03,1980.0,95.61
2013-05-07,1960.0,95.62
2013-05-08,1955.0,96.62
2013-05-09,1992.0,96.39
2013-05-10,1981.0,96.04
2013-05-15,2027.0,94.3
2013-05-16,2016.0,95.16
2013-05-20,1980.0,96.71
2013-05-21,1971.0,96.16
2013-05-22,1966.0,94.28
2013-05-23,1954.0,94.25
2013-05-24,1922.0,94.15
2013-05-28,1890.0,95.01
2013-05-29,1860.0,93.13
2013-05-30,1844.0,93.61
2013-05-31,1844.0,91.97
2013-06-03,1884.0,93.45
2013-06-04,1876.0,93.31
2013-06-05,1852.0,93.74
2013-06-06,1862.0,94.76
2013-06-07,1848.0,96.03
2013-06-10,1845.0,95.77
2013-06-11,1798.0,95.38
2013-06-12,1747.0,95.88
2013-06-13,1705.0,96.69
2013-06-14,1739.0,97.85
2013-06-17,1738.0,97.77
2013-06-18,1744.0,98.44
2013-06-19,1779.0,98.24
2013-06-20,1721.0,95.4
2013-06-21,1735.0,93.69
2013-06-24,1749.0,95.18
2013-06-25,1732.0,95.32
2013-06-26,1707.0,95.5
2013-06-27,1729.0,97.05
2013-06-28,1731.0,96.56
2013-07-01,1755.0,97.99
2013-07-02,1805.0,99.6
2013-07-03,1794.0,101.24
2013-07-04,1790.0,101.4
2013-07-05,1787.0,103.22
2013-07-08,1802.0,103.14
2013-07-09,1839.0,103.53
2013-07-10,1859.0,106.52
2013-07-11,1855.0,104.91
2013-07-12,1855.0,105.95
2013-07-15,1884.0,106.32
2013-07-16,1926.0,106.0
2013-07-17,1945.0,106.48
2013-07-18,1945.0,108.04
2013-07-19,1943.0,108.05
2013-07-22,1918.0,106.91
2013-07-23,1905.0,107.23
2013-07-24,1870.0,105.39
2013-07-25,1883.0,105.49
2013-07-26,1896.0,104.7
2013-07-29,1864.0,104.55
2013-07-30,1842.0,103.08
2013-07-31,1842.0,105.03
2013-08-01,1865.0,107.89
2013-08-02,1881.0,106.94
2013-08-05,1902.0,106.56
2013-08-06,1881.0,105.3
2013-08-07,1902.0,104.37
2013-08-08,1924.0,103.4
2013-08-09,1963.0,105.97
2013-08-12,1974.0,106.11
2013-08-13,1932.0,106.83
2013-08-14,1959.0,106.85
2013-08-15,1952.0,107.33
2013-08-16,1913.0,107.46
2013-08-19,1879.0,107.1
2013-08-20,1858.0,104.96
2013-08-21,1827.0,103.85
2013-08-22,1781.0,105.03
2013-08-23,1741.0,106.42
2013-08-27,1751.0,109.01
2013-08-28,1734.0,110.1
2013-08-29,1730.0,108.8
2013-08-30,1749.0,107.65
2013-09-02,1733.0,106.75
2013-09-03,1762.0,108.54
2013-09-04,1762.0,107.23
2013-09-05,1735.0,108.37
2013-09-06,1740.0,110.53
2013-09-09,1728.0,109.52
2013-09-10,1720.0,107.39
2013-09-11,1747.0,107.56
2013-09-12,1728.0,108.6
2013-09-13,1717.0,108.21
2013-09-16,1700.0,106.59
2013-09-17,1656.0,105.42
2013-09-18,1650.0,108.07
2013-09-19,1657.0,106.39
2013-09-20,1651.0,104.68
2013-09-23,1661.0,103.59
2013-09-24,1685.0,103.13
2013-09-25,1680.0,102.66
2013-09-26,1634.0,103.03
2013-09-27,1582.0,102.87
2013-09-30,1582.0,102.33
2013-10-01,1636.0,102.04
2013-10-02,1669.0,104.1
2013-10-03,1703.0,103.31
2013-10-04,1709.0,103.84
2013-10-07,1709.0,103.03
2013-10-08,1696.0,103.49
2013-10-09,1722.0,101.61
2013-10-10,1736.0,103.01
2013-10-11,1733.0,102.02
2013-10-14,1734.0,102.41
2013-10-15,1679.0,101.21
2013-10-16,1655.0,102.29
2013-10-17,1639.0,100.67
2013-10-18,1631.0,100.81
2013-10-21,1602.0,99.22
2013-10-22,1606.0,97.8
2013-10-23,1613.0,96.86
2013-10-24,1599.0,97.11
2013-10-25,1559.0,97.85
2013-10-28,1499.0,98.68
2013-10-29,1486.0,98.2
2013-10-30,1488.0,96.77
2013-10-31,1460.0,96.38
2013-11-01,1475.0,94.61
2013-11-04,1479.0,94.62
2013-11-05,1467.0,93.37
2013-11-06,1444.0,94.8
2013-11-07,1450.0,94.2
2013-11-08,1466.0,94.6
2013-11-11,1488.0,95.14
2013-11-12,1485.0,93.04
2013-11-13,1455.0,93.88
2013-11-14,1437.0,93.76
2013-11-15,1506.0,93.84
2013-11-18,1559.0,93.03
2013-11-19,1556.0,93.34
2013-11-20,1567.0,93.33
2013-11-21,1587.0,95.44
2013-11-22,1564.0,94.84
2013-11-25,1554.0,94.09
2013-11-26,1581.0,93.68
2013-11-27,1601.0,92.3
2013-11-28,1623.0,92.28
2013-11-29,1623.0,92.72
2013-12-02,1658.0,93.82
2013-12-03,1733.0,96.04
2013-12-04,1697.0,97.2
2013-12-05,1686.0,97.38
2013-12-06,1721.0,97.65
2013-12-09,1769.0,97.34
2013-12-10,1849.0,98.51
2013-12-11,1790.0,97.44
2013-12-12,1821.0,97.5
2013-12-13,1816.0,96.6
2013-12-16,1771.0,97.48
2013-12-17,1718.0,97.22
2013-12-18,1705.0,97.8
2013-12-19,1690.0,98.77
2013-12-20,1704.0,99.32
2013-12-23,1700.0,98.91
2013-12-24,1694.0,99.22
2013-12-26,1693.0,99.55
2013-12-27,1710.0,100.32
2013-12-30,1696.0,99.29
2013-12-31,1685.0,98.42
2014-01-01,1679.0,98.7
2014-01-02,1625.0,95.44
2014-01-03,1660.0,93.96
2014-01-06,1707.0,93.43
2014-01-07,1728.0,93.67
2014-01-08,1725.0,92.33
2014-01-09,1743.0,91.66
2014-01-10,1757.0,92.72
2014-01-13,1751.0,91.8
2014-01-14,1744.0,92.59
2014-01-15,1720.0,94.17
2014-01-16,1749.0,93.96
2014-01-17,1725.0,94.37
2014-01-20,1715.0,93.93
2014-01-21,1717.0,94.99
2014-01-22,1696.0,96.73
2014-01-23,1720.0,97.32
2014-01-24,1725.0,96.64
2014-01-27,1736.0,95.72
2014-01-28,1738.0,97.41
2014-01-29,1761.0,97.36
2014-01-30,1819.0,98.23
2014-01-31,1819.0,97.49
2014-02-03,1867.0,96.43
2014-02-04,1809.0,97.19
2014-02-05,1857.0,97.38
2014-02-06,1860.0,97.84
2014-02-07,1776.0,99.88
2014-02-10,1796.0,100.06
2014-02-11,1813.0,99.94
2014-02-12,1822.0,100.37
2014-02-13,1824.0,100.35
2014-02-14,1810.0,100.3
2014-02-17,1825.0,100.58
2014-02-18,1881.0,102.43
2014-02-19,1982.0,103.31
2014-02-20,1975.0,102.92
2014-02-21,1981.0,102.2
2014-02-24,2024.0,102.82
2014-02-25,2038.0,101.83
2014-02-26,2021.0,102.59
2014-02-27,2099.0,102.4
2014-02-28,2118.0,102.59
2014-03-03,2155.0,104.92
2014-03-04,2111.0,103.33
2014-03-05,2113.0,101.45
2014-03-06,2134.0,101.56
2014-03-07,2157.0,102.58
2014-03-10,2196.0,101.12
2014-03-11,2245.0,100.03
2014-03-12,2251.0,97.99
2014-03-13,2245.0,98.2
2014-03-14,2241.0,98.89
2014-03-17,2225.0,98.08
2014-03-18,2201.0,99.7
2014-03-19,2150.0,100.37
2014-03-20,2097.0,99.43
2014-03-21,2099.0,99.46
2014-03-24,2148.0,99.6
2014-03-25,2139.0,99.19
2014-03-26,2145.0,100.26
2014-03-27,2143.0,101.28
2014-03-28,2154.0,101.67
2014-03-31,2154.0,101.58
2014-04-01,2024.0,99.74
2014-04-02,2020.0,99.62
2014-04-03,2016.0,100.29
2014-04-04,2085.0,101.14
2014-04-07,2124.0,100.44
2014-04-08,2174.0,102.56
2014-04-09,2141.0,103.6
2014-04-10,2162.0,103.4
2014-04-11,2141.0,103.74
2014-04-14,2132.0,104.05
2014-04-15,2121.0,103.75
2014-04-16,2064.0,103.76
2014-04-17,2118.0,104.3
2014-04-22,2146.0,102.13
2014-04-23,2152.0,101.44
2014-04-24,2152.0,101.94
2014-04-25,2136.0,100.6
2014-04-28,2120.0,100.84
2014-04-29,2130.0,101.28
2014-04-30,2167.0,99.74
2014-05-01,2178.0,99.42
2014-05-02,2149.0,99.76
2014-05-05,2149.0,99.48
2014-05-06,2152.0,99.5
2014-05-07,2148.0,100.77
2014-05-08,2136.0,100.26
2014-05-09,2098.0,99.99
2014-05-12,2135.0,100.59
2014-05-13,2096.0,101.7
2014-05-14,2095.0,102.37
2014-05-15,2138.0,101.5
2014-05-16,2051.0,102.02
2014-05-19,2042.0,102.61
2014-05-20,2041.0,102.44
2014-05-21,1992.0,104.07
2014-05-23,1999.0,104.35
2014-05-26,1999.0,104.28
2014-05-27,1965.0,104.11
2014-05-28,1906.0,102.72
2014-05-29,1948.0,103.58
2014-05-30,1948.0,102.71
2014-06-02,1933.0,102.47
2014-06-03,1895.0,102.66
2014-06-04,1897.0,102.64
2014-06-05,1899.0,102.48
2014-06-06,1906.0,102.66
2014-06-09,1883.0,104.41
2014-06-10,1875.0,104.35
2014-06-11,1944.0,104.4
2014-06-12,1957.0,106.53
2014-06-13,1983.0,106.91
2014-06-16,1983.0,106.9
2014-06-17,1956.0,106.36
2014-06-18,1974.0,105.97
2014-06-19,1959.0,106.43
2014-06-20,1990.0,107.26
2014-06-23,1967.0,106.17
2014-06-24,1954.0,106.03
2014-06-25,1994.0,106.5
2014-06-27,2026.0,105.74
2014-06-30,1998.0,105.37
2014-07-02,2047.0,104.48
2014-07-03,2065.0,104.06
2014-07-04,2053.0,103.76
2014-07-07,2038.0,103.53
2014-07-08,2065.0,103.4
2014-07-09,2058.0,102.29
2014-07-10,2012.0,102.93
2014-07-14,2026.0,100.91
2014-07-15,2025.0,99.96
2014-07-16,2012.0,101.2
2014-07-21,2025.0,104.59
2014-07-22,1998.0,104.42
2014-07-23,1999.0,103.12
2014-07-24,2041.0,102.07
2014-07-25,2024.0,102.09
2014-07-28,2036.0,101.67
2014-07-29,2034.0,100.97
2014-07-30,2047.0,100.27
2014-07-31,2047.0,98.17
2014-08-01,2097.0,97.88
2014-08-06,1992.0,96.92
2014-08-07,1968.0,97.34
2014-08-08,1948.0,97.65
2014-08-11,1986.0,98.08
2014-08-12,1964.0,97.37
2014-08-13,1965.0,97.59
2014-08-14,1945.0,95.58
2014-08-15,1951.0,97.35
2014-08-18,1950.0,96.41
2014-08-19,1941.0,94.48
2014-08-20,1964.0,96.07
2014-08-21,1982.0,93.96
2014-08-22,1986.0,93.65
2014-08-25,1986.0,93.35
2014-08-27,2030.0,93.88
2014-08-28,2036.0,94.55
2014-08-29,2033.0,95.96
2014-09-01,2059.0,95.83
2014-09-02,2090.0,92.88
2014-09-03,2048.0,95.54
2014-09-04,2069.0,94.45
2014-09-05,2061.0,93.29
2014-09-08,2051.0,92.66
2014-09-09,2046.0,92.75
2014-09-10,1996.0,91.67
2014-09-11,1970.0,92.83
2014-09-12,1975.0,92.27
2014-09-15,1955.0,92.92
2014-09-16,1964.0,94.88
2014-09-17,1956.0,94.42
2014-09-18,1966.0,93.07
2014-09-19,1930.0,92.41
2014-09-22,1930.0,91.52
2014-09-23,1930.0,91.56
2014-09-24,1973.0,92.8
2014-09-25,1948.0,92.53
2014-09-26,1959.0,93.54
2014-09-29,1968.0,94.57
2014-09-30,1968.0,91.16
2014-10-01,2054.0,90.73
2014-10-02,2053.0,91.01
2014-10-03,2080.0,89.74
2014-10-06,2165.0,90.34
2014-10-07,2176.0,88.85
2014-10-08,2151.0,87.31
2014-10-09,2181.0,85.77
2014-10-10,2159.0,85.82
2014-10-13,2169.0,85.74
2014-10-14,2155.0,81.84
2014-10-15,2155.0,81.78
2014-10-16,2154.0,82.7
2014-10-17,2117.0,82.75
2014-10-20,2049.0,82.71
2014-10-21,2046.0,82.81
2014-10-22,2025.0,80.52
2014-10-24,2027.0,81.01
2014-10-27,2012.0,81.0
2014-10-28,2022.0,81.42
2014-10-29,2042.0,82.2
2014-10-30,2036.0,81.12
2014-10-31,2048.0,80.54
2014-11-03,2073.0,78.78
2014-11-04,2039.0,77.19
2014-11-05,2026.0,78.68
2014-11-07,2018.0,78.65
2014-11-10,2022.0,77.4
2014-11-11,2031.0,77.94
2014-11-12,2038.0,77.18
2014-11-13,2075.0,74.21
2014-11-14,2074.0,75.82
2014-11-17,2065.0,75.64
2014-11-18,2068.0,74.61
2014-11-19,2088.0,74.58
2014-11-20,2075.0,75.58
2014-11-21,2076.0,76.51
2014-11-24,2097.0,75.78
2014-11-25,2095.0,74.09
2014-11-26,2095.0,73.69
2014-11-27,2096.0,68.55
2014-11-28,2096.0,66.15
2014-12-01,2063.0,69.0
2014-12-02,2034.0,66.88
2014-12-03,2051.0,67.38
2014-12-04,2048.0,66.81
2014-12-05,2038.0,65.84
2014-12-08,2014.0,63.05
2014-12-09,1994.0,63.82
2014-12-10,1975.0,60.94
2014-12-11,1938.0,59.95
2014-12-12,1944.0,57.81
2014-12-15,1936.0,55.91
2014-12-16,1937.0,55.93
2014-12-17,1915.0,56.47
2014-12-18,1912.0,54.11
2014-12-19,1896.0,56.52
2014-12-22,1854.0,55.26
2014-12-23,1872.0,57.12
2014-12-24,1864.0,55.84
2014-12-26,1864.0,54.73
2014-12-29,1835.0,53.61
2014-12-30,1871.0,54.12
2014-12-31,1893.0,53.27
2015-01-02,1838.0,52.69
2015-01-05,1889.0,50.04
2015-01-06,1934.0,47.93
2015-01-07,1961.0,48.65
2015-01-08,1935.0,48.79
2015-01-09,1933.0,48.36
2015-01-12,1953.0,46.07
2015-01-13,1942.0,45.89
2015-01-14,1968.0,48.48
2015-01-15,1973.0,46.25
2015-01-16,1941.0,48.69
2015-01-19,1939.0,47.78
2015-01-20,1918.0,46.39
2015-01-21,1917.0,47.78
2015-01-22,1913.0,46.31
2015-01-23,1903.0,45.59
2015-01-26,1924.0,45.15
2015-01-27,1959.0,46.23
2015-01-28,1963.0,44.45
2015-01-29,1921.0,44.53
2015-01-30,1921.0,48.24
2015-02-02,1917.0,49.57
2015-02-03,1907.0,53.05
2015-02-04,1931.0,48.45
2015-02-05,1922.0,50.48
2015-02-06,1933.0,51.69
2015-02-09,1944.0,52.86
2015-02-10,1937.0,50.02
2015-02-11,1942.0,48.84
2015-02-12,1988.0,51.21
2015-02-16,2041.0,53.61
2015-02-17,1993.0,53.53
2015-02-18,1975.0,52.14
2015-02-19,1957.0,51.16
2015-02-20,1942.0,50.34
2015-02-23,1915.0,49.45
2015-02-24,1884.0,49.28
2015-02-25,1850.0,50.99
2015-02-26,1834.0,48.17
2015-02-27,1871.0,49.76
2015-03-02,1867.0,49.59
2015-03-03,1858.0,50.52
2015-03-04,1834.0,51.53
2015-03-05,1840.0,50.76
2015-03-06,1847.0,49.61
2015-03-09,1848.0,50.0
2015-03-10,1831.0,48.29
2015-03-11,1803.0,48.17
2015-03-12,1751.0,47.05
2015-03-13,1686.0,44.84
2015-03-16,1739.0,43.88
2015-03-17,1754.0,43.46
2015-03-18,1795.0,44.66
2015-03-19,1791.0,43.96
2015-03-20,1796.0,45.72
2015-03-23,1813.0,47.45
2015-03-24,1793.0,47.51
2015-03-25,1791.0,49.21
2015-03-26,1791.0,51.43
2015-03-27,1763.0,48.87
2015-03-30,1697.0,48.68
2015-03-31,1697.0,47.6
2015-04-01,1750.0,50.09
2015-04-02,1778.0,49.14
2015-04-06,1778.0,52.14
2015-04-07,1806.0,53.98
2015-04-08,1790.0,50.42
2015-04-09,1791.0,50.79
2015-04-10,1813.0,51.64
2015-04-13,1789.0,51.91
2015-04-14,1793.0,53.29
2015-04-15,1794.0,56.39
2015-04-16,1796.0,56.71
2015-04-17,1799.0,55.74
2015-04-20,1804.0,56.38
2015-04-21,1801.0,55.26
2015-04-22,1820.0,56.16
2015-04-23,1811.0,57.74
2015-04-24,1795.0,57.15
2015-04-27,1730.0,56.99
2015-04-28,1741.0,57.06
2015-04-29,1739.0,58.58
2015-04-30,1752.0,59.63
2015-05-01,1732.0,59.15
2015-05-04,1732.0,58.93
2015-05-05,1735.0,60.4
2015-05-06,1692.0,60.93
2015-05-07,1678.0,58.94
2015-05-08,1717.0,59.39
2015-05-11,1701.0,59.25
2015-05-12,1688.0,60.75
2015-05-13,1681.0,60.5
2015-05-14,1704.0,59.88
2015-05-15,1701.0,59.69
2015-05-18,1728.0,59.43
2015-05-19,1709.0,57.26
2015-05-20,1687.0,58.98
2015-05-21,1644.0,60.72
2015-05-22,1589.0,59.72
2015-05-25,1589.0,59.85
2015-05-26,1537.0,58.03
2015-05-27,1580.0,57.51
2015-05-28,1584.0,57.68
2015-05-29,1584.0,60.3
2015-06-01,1699.0,60.2
2015-06-02,1740.0,61.26
2015-06-03,1740.0,59.64
2015-06-04,1752.0,58.0
2015-06-05,1746.0,59.13
2015-06-08,1740.0,58.14
2015-06-09,1752.0,60.14
2015-06-10,1757.0,61.43
2015-06-11,1727.0,60.77
2015-06-12,1733.0,59.96
2015-06-15,1734.0,59.52
2015-06-16,1754.0,59.97
2015-06-17,1750.0,59.92
2015-06-18,1780.0,60.45
2015-06-19,1773.0,59.61
2015-06-22,1802.0,59.68
2015-06-23,1755.0,61.01
2015-06-24,1818.0,60.27
2015-06-25,1799.0,59.7
2015-06-26,1818.0,59.63
2015-06-29,1792.0,58.33
2015-06-30,1784.0,59.47
2015-07-01,1771.0,56.96
2015-07-02,1745.0,56.93
2015-07-03,1748.0,55.52
2015-07-06,1711.0,52.53
2015-07-07,1711.0,52.33
2015-07-08,1725.0,51.65
2015-07-09,1728.0,52.78
2015-07-10,1723.0,52.74
2015-07-13,1738.0,52.2
2015-07-14,1742.0,53.04
2015-07-15,1725.0,51.41
2015-07-16,1705.0,50.91
2015-07-17,1675.0,50.89
2015-07-20,1678.0,50.15
2015-07-21,1664.0,50.36
2015-07-22,1681.0,49.19
2015-07-23,1661.0,48.45
2015-07-24,1650.0,48.14
2015-07-27,1627.0,47.39
2015-07-28,1626.0,47.98
2015-07-29,1638.0,48.79
2015-07-30,1648.0,48.52
2015-07-31,1638.0,47.12
2015-08-03,1645.0,45.17
2015-08-04,1658.0,45.74
2015-08-05,1671.0,45.15
2015-08-06,1659.0,44.66
2015-08-07,1681.0,43.87
2015-08-10,1711.0,44.96
2015-08-11,1740.0,43.08
2015-08-12,1715.0,43.3
2015-08-13,1719.0,42.23
2015-08-14,1726.0,42.5
2015-08-17,1715.0,41.87
2015-08-18,1722.0,42.62
2015-08-19,1683.0,40.8
2015-08-20,1665.0,41.14
2015-08-21,1642.0,40.45
2015-08-24,1627.0,38.24
2015-08-25,1615.0,39.31
2015-08-26,1615.0,38.6
2015-08-27,1641.0,42.56
2015-08-28,1611.0,45.22
2015-08-31,1611.0,49.2
2015-09-01,1603.0,45.41
2015-09-02,1581.0,46.25
2015-09-03,1590.0,46.75
2015-09-04,1599.0,46.05
2015-09-07,1581.0,44.7
2015-09-08,1592.0,45.94
2015-09-09,1604.0,44.15
2015-09-10,1566.0,45.92
2015-09-11,1552.0,44.63
2015-09-14,1587.0,44.0
2015-09-15,1576.0,44.59
2015-09-16,1581.0,47.15
2015-09-17,1564.0,46.9
2015-09-18,1556.0,44.68
2015-09-21,1533.0,46.68
2015-09-22,1511.0,45.83
2015-09-23,1540.0,44.48
2015-09-24,1566.0,44.91
2015-09-25,1596.0,45.7
2015-09-28,1548.0,44.43
2015-09-29,1576.0,45.23
2015-09-30,1557.0,45.09
2015-10-01,1565.0,44.74
2015-10-02,1583.0,45.54
2015-10-05,1622.0,46.26
2015-10-06,1614.0,48.53
2015-10-07,1573.0,47.81
2015-10-08,1596.0,49.43
2015-10-09,1634.0,49.63
2015-10-12,1637.0,47.1
2015-10-13,1619.0,46.66
2015-10-14,1638.0,46.64
2015-10-15,1661.0,46.38
2015-10-16,1619.0,47.26
2015-10-19,1600.0,45.89
2015-10-20,1585.0,45.55
2015-10-21,1577.0,45.2
2015-10-22,1586.0,45.38
2015-10-23,1558.0,44.6
2015-10-26,1553.0,43.98
2015-10-27,1559.0,43.2
2015-10-28,1577.0,45.94
2015-10-29,1605.0,46.06
2015-10-30,1643.0,46.59
2015-11-02,1629.0,46.14
2015-11-03,1645.0,47.9
2015-11-04,1670.0,46.32
2015-11-05,1669.0,45.2
2015-11-06,1604.0,44.29
2015-11-09,1625.0,43.87
2015-11-10,1628.0,44.21
2015-11-11,1632.0,42.93
2015-11-12,1609.0,41.75
2015-11-13,1552.0,40.74
2015-11-16,1560.0,41.74
2015-11-17,1554.0,40.67
2015-11-18,1507.0,40.75
2015-11-19,1563.0,40.54
2015-11-20,1572.0,40.39
2015-11-23,1539.0,41.75
2015-11-24,1550.0,42.87
2015-11-25,1532.0,43.04
2015-11-26,1518.0,42.59
2015-11-27,1514.0,41.71
2015-11-30,1478.0,41.65
2015-12-01,1521.0,41.85
2015-12-02,1526.0,39.94
2015-12-03,1563.0,41.08
2015-12-04,1564.0,39.97
2015-12-07,1562.0,37.65
2015-12-08,1557.0,37.51
2015-12-09,1555.0,37.16
2015-12-10,1550.0,36.76
2015-12-11,1528.0,35.62
2015-12-14,1505.0,36.31
2015-12-15,1507.0,37.35
2015-12-16,1515.0,35.52
2015-12-17,1508.0,34.95
2015-12-18,1513.0,34.73
2015-12-21,1508.0,34.74
2015-12-22,1527.0,36.14
2015-12-23,1534.0,37.5
2015-12-24,1525.0,38.1
2015-12-28,1525.0,36.81
2015-12-29,1517.0,37.87
2015-12-30,1515.0,36.6
2015-12-31,1530.0,37.04
2016-01-04,1528.0,36.76
2016-01-05,1507.0,35.97
2016-01-06,1492.0,33.97
2016-01-07,1479.0,33.27
2016-01-08,1485.0,33.16
2016-01-11,1444.0,31.41
2016-01-12,1448.0,30.44
2016-01-13,1457.0,30.48
2016-01-14,1438.0,31.2
2016-01-15,1441.0,29.42
2016-01-17,1439.0,29.75
2016-01-18,1420.0,30.02
2016-01-19,1412.0,28.46
2016-01-20,1366.0,26.55
2016-01-21,1370.0,29.53
2016-01-22,1395.0,32.19
2016-01-25,1389.0,30.34
2016-01-26,1390.0,31.45
2016-01-27,1416.0,32.3
2016-01-28,1402.0,33.22
2016-01-29,1382.0,33.62
2016-02-01,1408.0,31.62
2016-02-02,1427.0,29.88
2016-02-03,1431.0,32.28
2016-02-04,1462.0,31.72
2016-02-05,1454.0,30.89
2016-02-08,1416.0,29.69
2016-02-09,1416.0,27.94
2016-02-10,1420.0,27.45
2016-02-11,1408.0,26.21
2016-02-12,1441.0,29.44
2016-02-15,1433.0,30.6
2016-02-16,1442.0,29.04
2016-02-17,1442.0,30.66
2016-02-18,1428.0,30.77
2016-02-19,1417.0,29.64
2016-02-22,1418.0,31.48
2016-02-23,1397.0,31.87
2016-02-24,1371.0,32.15
2016-02-25,1368.0,33.07
2016-02-26,1366.0,32.78
2016-02-29,1413.0,33.75
2016-03-01,1377.0,34.4
2016-03-02,1391.0,34.66
2016-03-03,1394.0,34.57
2016-03-04,1393.0,35.92
2016-03-07,1394.0,37.9
2016-03-08,1408.0,36.5
2016-03-09,1420.0,38.29
2016-03-10,1402.0,37.84
2016-03-11,1427.0,38.5
2016-03-14,1438.0,37.18
2016-03-15,1423.0,36.34
2016-03-16,1426.0,38.46
2016-03-17,1459.0,40.2
2016-03-18,1482.0,39.44
2016-03-21,1473.0,39.91
2016-03-22,1514.0,41.45
2016-03-23,1515.0,39.79
2016-03-24,1491.0,39.46
2016-03-28,1458.0,39.39
2016-03-29,1496.0,38.28
2016-03-30,1504.0,38.32
2016-03-31,1501.0,38.34
2016-04-01,1519.0,36.79
2016-04-04,1506.0,35.7
2016-04-05,1490.0,35.89
2016-04-06,1502.0,37.75
2016-04-07,1528.0,37.26
2016-04-08,1543.0,39.72
2016-04-11,1575.0,40.36
2016-04-12,1585.0,42.17
2016-04-13,1546.0,41.76
2016-04-14,1552.0,41.5
2016-04-15,1552.0,40.36
2016-04-18,1555.0,39.78
2016-04-19,1565.0,41.08
2016-04-20,1578.0,42.63
2016-04-21,1567.0,43.18
2016-04-22,1557.0,43.73
2016-04-25,1571.0,42.64
2016-04-26,1589.0,44.04
2016-04-27,1573.0,45.33
2016-04-28,1578.0,46.03
2016-04-29,1588.0,45.92
2016-05-02,1588.0,44.78
2016-05-03,1579.0,43.65
2016-05-04,1585.0,43.78
2016-05-05,1617.0,44.32
2016-05-06,1649.0,44.66
2016-05-09,1635.0,43.44
2016-05-10,1660.0,44.66
2016-05-11,1671.0,46.23
2016-05-12,1678.0,46.7
2016-05-13,1680.0,46.21
2016-05-16,1686.0,47.72
2016-05-17,1699.0,48.31
2016-05-18,1669.0,48.19
2016-05-19,1638.0,48.16
2016-05-20,1660.0,47.75
2016-05-23,1643.0,48.08
2016-05-24,1648.0,48.62
2016-05-25,1644.0,49.56
2016-05-26,1639.0,49.48
2016-05-27,1640.0,49.33
2016-05-30,1640.0,49.51
2016-05-31,1648.0,49.1
2016-06-01,1667.0,49.01
2016-06-02,1656.0,49.17
2016-06-03,1668.0,48.62
2016-06-06,1689.0,49.69
2016-06-07,1712.0,50.36
2016-06-08,1726.0,51.23
2016-06-09,1714.0,50.56
2016-06-10,1674.0,49.07
2016-06-13,1681.0,48.88
2016-06-14,1651.0,48.49
2016-06-15,1646.0,48.01
2016-06-16,1648.0,46.21
2016-06-17,1674.0,47.98
2016-06-20,1693.0,49.37
2016-06-21,1715.0,48.85
2016-06-22,1708.0,49.13
2016-06-23,1718.0,50.11
2016-06-24,1669.0,47.64
2016-06-27,1664.0,46.33
2016-06-28,1701.0,47.85
2016-06-29,1722.0,49.88
2016-06-30,1717.0,48.33
2016-07-01,1745.0,48.99
2016-07-04,1768.0,48.65
2016-07-05,1759.0,46.6
2016-07-06,1749.0,47.43
2016-07-07,1762.0,45.14
2016-07-08,1797.0,45.41
2016-07-11,1829.0,44.76
2016-07-12,1809.0,46.8
2016-07-13,1816.0,44.75
2016-07-14,1842.0,45.68
2016-07-15,1819.0,45.95
2016-07-18,1814.0,45.24
2016-07-19,1812.0,44.65
2016-07-20,1816.0,44.94
2016-07-21,1818.0,44.75
2016-07-22,1788.0,44.19
2016-07-25,1786.0,43.13
2016-07-26,1811.0,42.92
2016-07-27,1804.0,41.92
2016-07-28,1813.0,41.14
2016-07-29,1848.0,41.6
2016-08-01,1843.0,40.06
2016-08-02,1851.0,39.51
2016-08-03,1853.0,40.83
2016-08-04,1846.0,41.93
2016-08-05,1853.0,41.8
2016-08-08,1855.0,43.02
2016-08-09,1848.0,42.77
2016-08-10,1848.0,41.71
2016-08-11,1841.0,43.49
2016-08-12,1835.0,44.49
2016-08-15,1834.0,45.74
2016-08-16,1810.0,46.58
2016-08-17,1785.0,46.79
2016-08-18,1823.0,48.22
2016-08-19,1817.0,48.52
2016-08-22,1831.0,47.05
2016-08-23,1821.0,48.1
2016-08-24,1810.0,46.77
2016-08-25,1797.0,47.33
2016-08-26,1819.0,47.64
2016-08-29,1819.0,46.98
2016-08-30,1816.0,46.35
2016-08-31,1828.0,44.7
2016-09-01,1852.0,43.16
2016-09-02,1865.0,44.44
2016-09-05,1877.0,45.07
2016-09-06,1889.0,44.83
2016-09-07,1912.0,45.5
2016-09-08,1927.0,47.62
2016-09-09,1909.0,45.88
2016-09-12,1926.0,46.29
2016-09-13,1943.0,44.9
2016-09-14,1942.0,43.58
2016-09-15,1936.0,43.91
2016-09-16,1937.0,43.03
2016-09-19,1960.0,43.3
2016-09-20,1955.0,43.44
2016-09-21,1986.0,45.34
2016-09-23,1966.0,44.48
2016-09-26,1975.0,45.93
2016-09-27,1995.0,44.67
2016-09-28,1996.0,47.05
2016-09-29,2010.0,47.83
2016-10-04,1986.0,48.69
2016-10-05,2020.0,49.83
2016-10-06,2012.0,50.44
2016-10-07,2029.0,49.81
2016-10-10,2046.0,51.35
2016-10-11,2059.0,50.79
2016-10-12,2070.0,50.18
2016-10-13,2070.0,50.44
2016-10-14,2074.0,50.35
2016-10-17,2109.0,49.94
2016-10-18,2153.0,50.29
2016-10-19,2129.0,51.6
2016-10-20,2122.0,50.43
2016-10-21,2153.0,50.85
2016-10-24,2161.0,50.52
2016-10-25,2178.0,49.96
2016-10-26,2178.0,49.18
2016-10-27,2175.0,49.72
2016-10-28,2187.0,48.7
2016-10-31,2184.0,46.86
2016-11-01,2158.0,46.67
2016-11-02,2164.0,45.34
2016-11-03,2166.0,44.66
2016-11-04,2188.0,44.07
2016-11-07,2194.0,44.89
2016-11-08,2085.0,44.98
2016-11-09,2133.0,45.27
2016-11-10,2077.0,44.66
2016-11-11,2027.0,43.41
2016-11-14,2099.0,43.32
2016-11-15,2136.0,45.81
2016-11-16,2163.0,45.57
2016-11-17,2163.0,45.42
2016-11-18,2152.0,45.69
2016-11-21,2083.0,47.49
2016-11-22,2099.0,48.03
2016-11-23,2046.0,47.96
2016-11-24,2022.0,47.98
2016-11-25,2032.0,46.06
2016-11-28,2078.0,47.08
2016-11-29,2046.0,45.23
2016-11-30,2026.0,49.44
2016-12-01,1983.0,51.06
2016-12-02,2043.0,51.68
2016-12-05,2043.0,51.79
2016-12-06,2032.0,50.93
2016-12-07,2021.0,49.77
2016-12-08,2011.0,50.84
2016-12-09,1989.0,51.5
2016-12-12,2017.0,52.83
2016-12-13,2046.0,52.98
2016-12-14,2053.0,51.04
2016-12-15,2056.0,50.9
2016-12-16,2083.0,51.9
2016-12-19,2129.0,52.12
2016-12-20,2123.0,52.23
2016-12-21,2113.0,52.49
2016-12-22,2064.0,52.95
2016-12-23,2089.0,53.02
2016-12-27,2089.0,53.9
2016-12-28,2077.0,54.06
2016-12-29,2116.0,53.77
2016-12-30,2138.0,53.72
2017-01-02,2138.0,54.03
2017-01-03,2124.0,52.33
2017-01-04,2165.0,53.26
2017-01-05,2154.0,53.76
2017-01-06,2140.0,53.99
2017-01-09,2141.0,51.96
2017-01-10,2162.0,50.82
2017-01-11,2218.0,52.25
2017-01-12,2198.0,53.01
2017-01-13,2202.0,52.37
2017-01-16,2233.0,52.52
2017-01-17,2238.0,52.48
2017-01-18,2245.0,51.08
2017-01-19,2261.0,51.37
2017-01-20,2261.0,52.42
2017-01-23,2248.0,52.75
2017-01-24,2212.0,53.18
2017-01-25,2231.0,52.75
2017-01-26,2210.0,53.78
2017-01-27,2238.0,53.17
2017-01-30,2237.0,52.63
2017-01-31,2222.0,52.81
2017-02-01,2257.0,53.88
2017-02-02,2201.0,53.54
2017-02-03,2197.0,53.83
2017-02-06,2181.0,53.01
2017-02-07,2172.0,52.17
2017-02-08,2136.0,52.34
2017-02-09,2157.0,53.0
2017-02-10,2159.0,53.86
2017-02-13,2139.0,52.93
2017-02-14,2128.0,53.2
2017-02-15,2148.0,53.11
2017-02-16,2179.0,53.36
2017-02-17,2174.0,53.4
2017-02-20,2186.0,53.97
2017-02-21,2189.0,54.06
2017-02-22,2161.0,53.59
2017-02-23,2155.0,54.45
2017-02-24,2126.0,53.99
2017-02-27,2100.0,54.05
2017-02-28,2143.0,54.01
2017-03-01,2149.0,53.83
2017-03-02,2215.0,52.61
2017-03-03,2194.0,53.33
2017-03-06,2176.0,53.2
2017-03-07,2169.0,53.14
2017-03-08,2189.0,50.28
2017-03-09,2182.0,49.28
2017-03-10,2170.0,48.49
2017-03-13,2164.0,48.4
2017-03-14,2169.0,47.72
2017-03-15,2180.0,48.86
2017-03-16,2183.0,48.75
2017-03-17,2184.0,48.78
2017-03-20,2196.0,48.22
2017-03-21,2171.0,47.34
2017-03-22,2164.0,48.04
2017-03-23,2163.0,47.7
2017-03-24,2139.0,47.97
2017-03-27,2186.0,47.73
2017-03-28,2168.0,48.37
2017-03-29,2171.0,49.51
2017-03-30,2161.0,50.35
2017-03-31,2149.0,50.6
2017-04-03,2174.0,50.24
2017-04-04,2172.0,51.03
2017-04-05,2179.0,51.15
2017-04-06,2169.0,51.7
2017-04-07,2194.0,52.24
2017-04-10,2180.0,53.08
2017-04-11,2199.0,53.4
2017-04-12,2183.0,53.11
2017-04-13,2173.0,53.18
2017-04-18,2190.0,52.41
2017-04-19,2174.0,50.44
2017-04-20,2124.0,50.27
2017-04-21,1990.0,49.62
2017-04-24,1936.0,49.23
2017-04-25,1916.0,49.56
2017-04-26,1929.0,49.62
2017-04-27,1910.0,48.97
2017-04-28,1946.0,49.33
2017-05-02,1995.0,47.66
2017-05-03,2034.0,47.82
2017-05-04,1992.0,45.52
2017-05-08,2027.0,46.43
2017-05-09,2020.0,45.88
2017-05-10,2014.0,47.33
2017-05-11,1984.0,47.83
2017-05-12,1994.0,47.84
2017-05-15,1969.0,48.85
2017-05-16,1959.0,48.66
2017-05-17,1997.0,49.07
2017-05-18,1984.0,49.35
2017-05-19,1977.0,50.33
2017-05-22,1925.0,50.73
2017-05-23,1936.0,51.47
2017-05-24,1905.0,51.36
2017-05-25,1934.0,48.9
2017-05-26,1991.0,49.8
2017-05-29,1991.0,49.97
2017-05-30,2010.0,49.66
2017-05-31,1995.0,48.32
2017-06-05,2015.0,47.4
2017-06-07,1991.0,45.72
2017-06-09,2021.0,45.83
2017-06-12,2048.0,46.08
2017-06-13,2040.0,46.46
2017-06-14,2056.0,44.73
2017-06-15,2105.0,44.46
2017-06-16,2125.0,44.74
2017-06-19,2108.0,44.2
2017-06-20,2074.0,43.23
2017-06-21,2072.0,42.53
2017-06-22,2030.0,42.74
2017-06-23,2078.0,43.01
2017-06-26,2090.0,43.38
2017-06-27,2086.0,44.24
2017-06-28,2092.0,44.74
2017-06-29,2132.0,44.93
2017-06-30,2149.0,46.04
2017-07-03,2146.0,47.07
2017-07-04,2149.0,47.13
2017-07-05,2157.0,45.13
2017-07-06,2150.0,45.52
2017-07-07,2111.0,44.23
2017-07-10,2100.0,44.4
2017-07-11,2072.0,45.04
2017-07-12,2097.0,45.49
2017-07-13,2145.0,46.08
2017-07-14,2146.0,46.54
2017-07-17,2126.0,46.02
2017-07-18,2131.0,46.4
2017-07-19,2110.0,47.12
2017-07-20,2113.0,46.79
2017-07-21,2143.0,45.77
2017-07-24,2103.0,46.34
2017-07-25,2100.0,47.89
2017-07-26,2143.0,48.75
2017-07-27,2141.0,49.04
2017-07-28,2129.0,49.71
2017-07-31,2123.0,50.17
2017-08-01,2104.0,49.16
2017-08-02,2136.0,49.59
2017-08-03,2134.0,49.03
2017-08-04,2133.0,49.58
2017-08-07,2157.0,49.39
2017-08-08,2157.0,49.17
2017-08-09,2131.0,49.56
2017-08-10,2089.0,48.59
2017-08-11,2133.0,48.82
2017-08-14,2100.0,47.59
2017-08-15,2053.0,47.55
2017-08-16,2054.0,46.78
2017-08-17,2054.0,47.09
2017-08-18,2101.0,48.51
2017-08-21,2119.0,47.37
2017-08-22,2135.0,47.64
2017-08-23,2100.0,48.41
2017-08-24,2067.0,47.43
2017-08-25,2112.0,47.87
2017-08-29,2105.0,46.44
2017-08-30,2075.0,45.96
2017-08-31,2069.0,47.23
2017-09-01,2059.0,47.29
2017-09-04,2021.0,47.41
2017-09-05,1969.0,48.66
2017-09-06,1945.0,49.16
2017-09-07,1950.0,49.09
2017-09-08,1960.0,47.48
2017-09-11,1951.0,48.07
2017-09-12,1969.0,48.23
2017-09-14,1993.0,49.89
2017-09-15,1992.0,49.89
2017-09-19,1983.0,49.48
2017-09-20,2035.0,50.41
2017-09-21,2012.0,50.55
2017-09-26,1999.0,51.88
2017-09-27,1950.0,52.14
2017-09-28,1949.0,51.56
2017-09-29,1968.0,51.67
2017-10-02,1977.0,50.58
2017-10-03,1982.0,50.42
2017-10-04,1977.0,49.98
2017-10-05,1967.0,50.79
2017-10-06,1989.0,49.29
2017-10-09,1974.0,49.58
2017-10-10,1981.0,50.92
2017-10-11,1947.0,51.3
2017-10-12,1968.0,50.6
2017-10-13,1982.0,51.45
2017-10-16,1954.0,51.87
2017-10-17,1944.0,51.88
2017-10-18,1949.0,52.04
2017-10-19,1973.0,51.29
2017-10-20,1965.0,51.47
2017-10-23,1968.0,51.9
2017-10-24,1945.0,52.47
2017-10-25,1961.0,52.18
2017-10-26,1949.0,52.64
2017-10-27,1944.0,53.9
2017-10-30,1910.0,54.15
2017-10-31,1878.0,54.38
2017-11-01,1838.0,54.3
2017-11-02,1870.0,54.54
2017-11-03,1856.0,55.64
2017-11-06,1855.0,57.35
2017-11-07,1824.0,57.2
2017-11-08,1810.0,56.81
2017-11-09,1824.0,57.17
2017-11-10,1816.0,56.74
2017-11-13,1824.0,56.76
2017-11-14,1836.0,55.7
2017-11-15,1847.0,55.33
2017-11-16,1845.0,55.14
2017-11-17,1824.0,56.55
2017-11-20,1810.0,56.09
2017-11-21,1801.0,56.83
2017-11-22,1757.0,58.02
2017-11-23,1756.0,58.38
2017-11-24,1749.0,58.95
2017-11-27,1720.0,58.11
2017-11-28,1743.0,57.99
2017-11-29,1766.0,57.3
2017-11-30,1726.0,57.4
2017-12-01,1750.0,58.36
2017-12-04,1720.0,57.47
2017-12-05,1747.0,57.62
2017-12-06,1744.0,55.96
2017-12-07,1723.0,56.69
2017-12-08,1740.0,57.36
2017-12-11,1720.0,57.99
2017-12-12,1680.0,57.14
2017-12-13,1713.0,56.6
2017-12-14,1740.0,57.04
2017-12-15,1723.0,57.3
2017-12-18,1726.0,57.16
2017-12-19,1713.0,57.46
2017-12-20,1713.0,58.09
2017-12-21,1705.0,58.36
2017-12-22,1712.0,58.47
2017-12-26,1711.0,59.97
2017-12-27,1711.0,59.64
2017-12-28,1715.0,59.84
2017-12-29,1718.0,60.42
2018-01-02,1733.0,60.37
2018-01-03,1735.0,61.63
2018-01-04,1728.0,62.01
2018-01-05,1724.0,61.44
2018-01-08,1686.0,61.73
2018-01-09,1724.0,62.96
2018-01-10,1726.0,63.57
2018-01-11,1727.0,63.8
2018-01-12,1728.0,64.3
2018-01-15,1729.0,64.73
2018-01-16,1727.0,63.73
2018-01-17,1769.0,63.97
2018-01-18,1793.0,63.95
2018-01-19,1756.0,63.37
2018-01-22,1767.0,63.49
2018-01-23,1749.0,64.47
2018-01-24,1775.0,65.61
2018-01-25,1763.0,65.51
2018-01-26,1767.0,66.14
2018-01-29,1757.0,65.56
2018-01-30,1728.0,64.5
2018-01-31,1762.0,64.73
2018-02-01,1752.0,65.8
2018-02-02,1745.0,65.45
2018-02-05,1752.0,64.15
2018-02-06,1770.0,63.39
2018-02-07,1761.0,61.79
2018-02-08,1768.0,61.15
2018-02-09,1769.0,59.2
2018-02-12,1769.0,59.29
2018-02-13,1778.0,59.19
2018-02-14,1782.0,60.6
2018-02-15,1783.0,61.34
2018-02-16,1754.0,61.68
2018-02-19,1741.0,62.38
2018-02-20,1770.0,61.9
2018-02-21,1766.0,61.68
2018-02-22,1759.0,62.77
2018-02-23,1751.0,63.55
2018-02-26,1744.0,63.91
2018-02-27,1735.0,63.01
2018-02-28,1724.0,61.64
2018-03-01,1768.0,60.99
2018-03-02,1751.0,61.25
2018-03-05,1755.0,62.57
2018-03-06,1777.0,62.6
2018-03-07,1785.0,61.15
2018-03-08,1760.0,60.12
2018-03-09,1780.0,62.04
2018-03-12,1769.0,61.36
2018-03-13,1763.0,60.71
2018-03-14,1752.0,60.96
2018-03-15,1728.0,61.19
2018-03-16,1745.0,62.34
2018-03-19,1757.0,62.06
2018-03-20,1754.0,63.4
2018-03-21,1752.0,65.17
2018-03-22,1742.0,64.3
2018-03-23,1690.0,65.88
2018-03-26,1688.0,65.55
2018-03-27,1735.0,65.25
2018-03-28,1729.0,64.38
2018-03-29,1725.0,64.94
2018-04-03,1759.0,63.51
2018-04-04,1770.0,63.37
2018-04-05,1768.0,63.54
2018-04-06,1746.0,62.06
2018-04-09,1759.0,63.42
2018-04-10,1736.0,65.51
2018-04-11,1734.0,66.82
2018-04-12,1736.0,67.07
2018-04-13,1736.0,67.39
2018-04-16,1729.0,66.22
2018-04-17,1754.0,66.52
2018-04-18,1772.0,68.47
2018-04-19,1767.0,68.29
2018-04-20,1759.0,68.38
2018-04-23,1769.0,68.64
2018-04-24,1782.0,67.7
2018-04-25,1760.0,68.05
2018-04-26,1771.0,68.19
2018-04-27,1762.0,68.1
2018-04-30,1756.0,68.57
2018-05-01,1815.0,67.25
2018-05-02,1807.0,67.93
2018-05-03,1831.0,68.43
2018-05-04,1813.0,69.72
2018-05-08,1794.0,69.06
2018-05-09,1747.0,71.14
2018-05-10,1743.0,71.36
2018-05-11,1758.0,70.7
2018-05-14,1742.0,70.96
2018-05-15,1728.0,71.31
2018-05-16,1737.0,71.49
2018-05-17,1750.0,71.49
2018-05-18,1762.0,71.28
2018-05-21,1795.0,72.24
2018-05-22,1790.0,72.13
2018-05-23,1751.0,71.84
2018-05-24,1755.0,70.71
2018-05-25,1752.0,67.88
2018-05-28,1752.0,67.05
2018-05-29,1741.0,66.73
2018-05-30,1732.0,68.21
2018-05-31,1752.0,67.04
2018-06-01,1738.0,65.81
2018-06-04,1732.0,64.75
2018-06-05,1733.0,65.52
2018-06-06,1736.0,64.73
2018-06-07,1723.0,65.95
2018-06-08,1712.0,65.74
2018-06-11,1723.0,66.1
2018-06-12,1715.0,66.36
2018-06-13,1693.0,66.64
2018-06-14,1701.0,66.89
2018-06-15,1690.0,65.06
2018-06-18,1687.0,65.85
2018-06-19,1685.0,65.07
2018-06-20,1695.0,66.22
2018-06-21,1701.0,65.54
2018-06-22,1705.0,68.58
2018-06-25,1676.0,68.08
2018-06-26,1686.0,70.53
2018-06-27,1705.0,72.76
2018-06-28,1697.0,73.45
2018-06-29,1690.0,74.15
2018-07-02,1677.0,73.94
2018-07-03,1685.0,74.14
2018-07-04,1689.0,74.13
2018-07-05,1639.0,72.94
2018-07-06,1662.0,73.8
2018-07-09,1695.0,73.85
2018-07-10,1705.0,74.11
2018-07-11,1672.0,70.38
2018-07-12,1681.0,70.33
2018-07-13,1666.0,71.01
2018-07-16,1670.0,68.06
2018-07-17,1654.0,68.08
2018-07-18,1651.0,68.76
2018-07-19,1672.0,69.46
2018-07-20,1683.0,70.46
2018-07-23,1686.0,67.89
2018-07-24,1693.0,68.52
2018-07-25,1680.0,69.3
2018-07-26,1643.0,69.61
2018-07-27,1645.0,68.69
2018-07-30,1652.0,70.13
2018-07-31,1637.0,68.76
2018-08-01,1639.0,67.66
2018-08-02,1633.0,68.96
2018-08-03,1642.0,68.49
2018-08-06,1652.0,69.01
2018-08-07,1648.0,69.17
2018-08-08,1630.0,66.94
2018-08-09,1641.0,66.81
2018-08-10,1638.0,67.63
2018-08-13,1624.0,67.2
2018-08-14,1620.0,67.04
2018-08-15,1592.0,65.01
2018-08-16,1596.0,65.46
2018-08-17,1560.0,65.91
2018-08-20,1566.0,66.43
2018-08-21,1561.0,67.35
2018-08-22,1548.0,67.86
2018-08-23,1531.0,67.83
2018-08-24,1541.0,68.72
2018-08-28,1536.0,68.53
2018-08-29,1546.0,69.51
2018-08-30,1522.0,70.25
2018-08-31,1501.0,69.8
2018-09-03,1489.0,70.12
2018-09-04,1475.0,69.87
2018-09-05,1501.0,68.72
2018-09-06,1492.0,67.77
2018-09-07,1491.0,67.75
2018-09-10,1477.0,67.54
2018-09-11,1478.0,69.25
2018-09-12,1516.0,70.37
2018-09-13,1500.0,68.59
2018-09-14,1489.0,68.99
2018-09-17,1479.0,68.91
2018-09-18,1492.0,69.85
2018-09-19,1487.0,71.12
2018-09-20,1508.0,70.8
2018-09-21,1489.0,70.78
2018-09-24,1513.0,72.08
2018-09-25,1504.0,72.28
2018-09-26,1508.0,71.57
2018-09-27,1512.0,72.12
2018-09-28,1541.0,73.25
2018-10-01,1552.0,75.3
2018-10-02,1591.0,75.23
2018-10-03,1586.0,76.41
2018-10-04,1615.0,74.33
2018-10-05,1662.0,74.34
2018-10-08,1700.0,74.29
2018-10-09,1704.0,74.96
2018-10-10,1698.0,73.17
2018-10-11,1699.0,70.97
2018-10-12,1725.0,71.34
2018-10-15,1752.0,71.78
2018-10-16,1755.0,71.92
2018-10-17,1776.0,69.75
2018-10-18,1775.0,68.65
2018-10-19,1739.0,69.12
2018-10-22,1721.0,69.17
2018-10-23,1719.0,66.43
2018-10-24,1717.0,66.82
2018-10-25,1707.0,67.33
2018-10-26,1730.0,67.59
2018-10-29,1687.0,67.04
2018-10-30,1676.0,66.18
2018-10-31,1675.0,65.31
2018-11-01,1712.0,63.69
2018-11-02,1729.0,63.14
2018-11-05,1688.0,63.1
2018-11-06,1669.0,62.21
2018-11-07,1687.0,61.67
2018-11-08,1684.0,60.67
2018-11-09,1685.0,60.19
2018-11-12,1654.0,59.93
2018-11-13,1656.0,55.69
2018-11-14,1663.0,56.25
2018-11-15,1667.0,56.46
2018-11-16,1646.0,56.46
2018-11-19,1632.0,56.76
2018-11-20,1625.0,53.43
2018-11-21,1615.0,54.63
2018-11-22,1610.0,54.02
2018-11-23,1611.0,50.42
2018-11-26,1637.0,51.63
2018-11-27,1647.0,51.56
2018-11-28,1630.0,50.29
2018-11-29,1625.0,51.45
2018-11-30,1599.0,50.93
2018-12-03,1590.0,52.95
2018-12-04,1581.0,53.25
2018-12-05,1580.0,52.89
2018-12-06,1563.0,51.49
2018-12-07,1554.0,52.61
2018-12-10,1548.0,51.0
2018-12-11,1527.0,51.65
2018-12-12,1522.0,51.15
2018-12-13,1504.0,52.58
2018-12-14,1470.0,51.2
2018-12-17,1478.0,49.88
2018-12-18,1487.0,46.24
2018-12-19,1507.0,47.2
2018-12-20,1524.0,45.88
2018-12-21,1491.0,45.59
2018-12-24,1515.0,42.53
2018-12-26,1515.0,46.22
2018-12-27,1508.0,44.61
2018-12-28,1528.0,45.33
2018-12-31,1525.0,45.41
2019-01-02,1530.0,46.54
2019-01-03,1556.0,47.09
2019-01-04,1545.0,47.96
2019-01-07,1542.0,48.52
2019-01-08,1556.0,49.78
2019-01-09,1535.0,52.36
2019-01-10,1536.0,52.59
2019-01-11,1543.0,51.59
2019-01-14,1528.0,50.51
2019-01-15,1527.0,52.11
2019-01-16,1539.0,52.31
2019-01-17,1535.0,52.07
2019-01-18,1544.0,53.8
2019-01-21,1538.0,54.24
2019-01-22,1516.0,52.57
2019-01-23,1523.0,52.62
2019-01-24,1548.0,53.13
2019-01-25,1534.0,53.69
2019-01-28,1533.0,51.99
2019-01-29,1558.0,53.31
2019-01-30,1548.0,54.23
2019-01-31,1572.0,53.79
2019-02-01,1571.0,55.26
2019-02-04,1578.0,54.56
2019-02-05,1557.0,53.66
2019-02-06,1573.0,54.01
2019-02-07,1566.0,52.64
2019-02-08,1550.0,52.72
2019-02-11,1528.0,52.41
2019-02-12,1535.0,53.1
2019-02-13,1534.0,53.9
2019-02-14,1537.0,54.41
2019-02-15,1555.0,55.59
2019-02-18,1555.0,56.27
2019-02-19,1538.0,56.09
2019-02-20,1544.0,56.92
2019-02-21,1533.0,56.96
2019-02-22,1539.0,57.26
2019-02-25,1550.0,55.48
2019-02-26,1538.0,55.5
2019-02-27,1548.0,56.94
2019-02-28,1537.0,57.22
2019-03-01,1534.0,55.8
2019-03-04,1521.0,56.59
2019-03-05,1527.0,56.56
2019-03-06,1532.0,56.22
2019-03-07,1505.0,56.66
2019-03-08,1530.0,56.07
2019-03-11,1532.0,56.79
2019-03-12,1525.0,56.87
2019-03-13,1518.0,58.26
2019-03-14,1490.0,58.61
2019-03-15,1485.0,58.52
2019-03-18,1485.0,59.09
2019-03-19,1508.0,59.03
2019-03-20,1495.0,59.83
2019-03-21,1503.0,59.98
2019-03-22,1494.0,59.04
2019-03-25,1499.0,58.82
2019-03-26,1512.0,59.94
2019-03-27,1503.0,59.41
2019-03-28,1492.0,59.3
2019-03-29,1471.0,60.14
2019-04-01,1437.0,61.59
2019-04-02,1429.0,62.58
2019-04-03,1472.0,62.46
2019-04-04,1465.0,62.1
2019-04-05,1437.0,63.08
2019-04-08,1442.0,64.4
2019-04-09,1442.0,63.98
2019-04-10,1452.0,64.61
2019-04-11,1421.0,63.58
2019-04-12,1418.0,63.89
2019-04-15,1438.0,63.4
2019-04-16,1431.0,64.05
2019-04-17,1412.0,63.76
2019-04-18,1416.0,64.0
2019-04-23,1399.0,66.3
2019-04-24,1391.0,65.89
2019-04-25,1390.0,65.21
2019-04-26,1410.0,63.3
2019-04-29,1403.0,63.5
2019-04-30,1407.0,63.91
2019-05-01,1376.0,63.6
2019-05-02,1364.0,61.81
2019-05-03,1345.0,61.94
2019-05-07,1295.0,61.4
2019-05-08,1290.0,62.12
2019-05-09,1345.0,61.7
2019-05-10,1364.0,61.66
2019-05-13,1346.0,61.04
2019-05-14,1392.0,61.78
2019-05-15,1375.0,62.02
2019-05-16,1335.0,62.87
2019-05-17,1301.0,62.76
2019-05-20,1334.0,63.1
2019-05-21,1364.0,62.99
2019-05-22,1361.0,61.42
2019-05-23,1369.0,57.91
2019-05-24,1368.0,58.63
2019-05-28,1392.0,59.14
2019-05-29,1430.0,58.81
2019-05-30,1474.0,56.59
2019-05-31,1498.0,53.5
2019-06-03,1500.0,53.25
2019-06-04,1504.0,53.48
2019-06-05,1437.0,51.68
2019-06-06,1455.0,52.59
2019-06-07,1455.0,53.99
2019-06-10,1441.0,53.26
2019-06-11,1415.0,53.27
2019-06-12,1429.0,51.14
2019-06-13,1414.0,52.28
2019-06-14,1392.0,52.51
2019-06-17,1386.0,51.93
2019-06-18,1372.0,53.9
2019-06-19,1372.0,53.76
2019-06-20,1419.0,56.65
2019-06-21,1414.0,57.43
2019-06-24,1422.0,57.9
2019-06-25,1455.0,57.83
2019-06-26,1434.0,59.38
2019-06-27,1430.0,59.43
2019-06-28,1451.0,58.47
2019-07-01,1474.0,59.09
2019-07-02,1444.0,56.25
2019-07-03,1455.0,57.34
2019-07-04,1474.0,56.8
2019-07-05,1444.0,57.51
2019-07-08,1426.0,57.66
2019-07-09,1436.0,57.83
2019-07-10,1430.0,60.43
2019-07-11,1427.0,60.2
2019-07-12,1424.0,60.21
2019-07-15,1434.0,59.58
2019-07-16,1401.0,57.62
2019-07-17,1423.0,56.78
2019-07-18,1427.0,55.3
2019-07-19,1419.0,55.63
2019-07-22,1393.0,56.22
2019-07-23,1369.0,56.77
2019-07-24,1360.0,55.88
2019-07-25,1358.0,56.02
2019-07-26,1373.0,56.2
2019-07-29,1397.0,56.87
2019-07-30,1382.0,58.05
2019-07-31,1367.0,58.58
2019-08-01,1335.0,53.95
2019-08-02,1337.0,55.66
2019-08-05,1323.0,54.69
2019-08-06,1334.0,53.63
2019-08-07,1328.0,51.09
2019-08-08,1338.0,52.54
2019-08-09,1321.0,54.5
2019-08-12,1296.0,54.93
2019-08-13,1332.0,57.1
2019-08-14,1338.0,55.23
2019-08-15,1354.0,54.47
2019-08-16,1333.0,54.87
2019-08-19,1319.0,56.21
2019-08-20,1324.0,56.34
2019-08-21,1328.0,55.68
2019-08-22,1327.0,55.35
2019-08-23,1314.0,54.17
2019-08-27,1339.0,54.93
2019-08-28,1351.0,55.78
2019-08-29,1325.0,56.71
2019-08-30,1334.0,55.1
2019-09-02,1329.0,54.66
2019-09-03,1304.0,53.94
2019-09-04,1310.0,56.26
2019-09-05,1272.0,56.3
2019-09-06,1295.0,56.52
2019-09-09,1304.0,57.85
2019-09-10,1327.0,57.4
2019-09-11,1338.0,55.75
2019-09-12,1331.0,55.09
2019-09-13,1318.0,54.85
2019-09-16,1328.0,62.9
2019-09-17,1313.0,59.34
2019-09-18,1319.0,58.11
2019-09-19,1300.0,58.13
2019-09-20,1304.0,58.09
2019-09-23,1316.0,58.64
2019-09-24,1317.0,57.29
2019-09-25,1331.0,56.49
2019-09-26,1332.0,56.41
2019-09-27,1341.0,55.91
2019-09-30,1340.0,54.07
2019-10-01,1330.0,53.62
2019-10-02,1322.0,52.64
2019-10-03,1331.0,52.45
2019-10-04,1312.0,52.81
2019-10-07,1276.0,52.75
2019-10-08,1282.0,52.63
2019-10-09,1280.0,52.59
2019-10-10,1277.0,53.55
2019-10-11,1263.0,54.7
2019-10-14,1276.0,53.59
2019-10-15,1264.0,52.81
2019-10-16,1240.0,53.36
2019-10-17,1227.0,53.93
2019-10-18,1251.0,53.78
2019-10-21,1244.0,53.31
2019-10-22,1248.0,54.16
2019-10-23,1241.0,55.97
2019-10-24,1237.0,56.23
2019-10-25,1250.0,56.66
2019-10-28,1277.0,55.81
2019-10-29,1276.0,55.54
2019-10-30,1291.0,55.06
2019-10-31,1322.0,54.18
2019-11-01,1322.0,56.2
2019-11-04,1306.0,56.54
2019-11-05,1339.0,57.23
2019-11-06,1352.0,56.35
2019-11-07,1378.0,57.15
2019-11-08,1384.0,57.24
2019-11-11,1375.0,56.86
2019-11-12,1371.0,56.8
2019-11-13,1411.0,57.12
2019-11-14,1421.0,56.77
2019-11-15,1398.0,57.72
2019-11-18,1372.0,57.05
2019-11-19,1340.0,55.21
2019-11-20,1386.0,57.11
2019-11-21,1402.0,58.58
2019-11-22,1402.0,57.77
2019-11-25,1418.0,58.01
2019-11-26,1391.0,58.41
2019-11-27,1402.0,58.11
2019-11-28,1398.0,58.08
2019-11-29,1406.0,55.17
2019-12-02,1410.0,55.96
2019-12-03,1412.0,56.1
2019-12-04,1370.0,58.43
2019-12-05,1401.0,58.43
2019-12-06,1412.0,59.2
2019-12-09,1401.0,59.02
2019-12-10,1453.0,59.24
2019-12-11,1427.0,58.76
2019-12-12,1447.0,59.18
2019-12-13,1417.0,60.07
2019-12-16,1450.0,60.21
2019-12-17,1416.0,60.94
2019-12-18,1409.0,60.93
2019-12-19,1367.0,61.22
2019-12-20,1374.0,60.44
2019-12-23,1335.0,60.52
2019-12-24,1350.0,61.11
2019-12-27,1387.0,61.72
2019-12-30,1375.0,61.68
2019-12-31,1382.0,61.06
2020-01-02,1380.0,61.18
2020-01-03,1372.0,63.05
2020-01-06,1352.0,63.27
2020-01-07,1364.0,62.7
2020-01-08,1354.0,59.61
2020-01-09,1338.0,59.56
2020-01-10,1345.0,59.04
2020-01-13,1312.0,58.08
2020-01-14,1320.0,58.23
2020-01-15,1327.0,57.81
2020-01-16,1314.0,58.52
2020-01-17,1319.0,58.54
2020-01-20,1305.0,58.73
2020-01-21,1335.0,58.34
2020-01-22,1337.0,56.74
2020-01-23,1367.0,55.59
2020-01-24,1319.0,54.19
2020-01-27,1328.0,53.14
2020-01-28,1337.0,53.48
2020-01-29,1317.0,53.33
2020-01-30,1315.0,52.14
2020-01-31,1342.0,51.56
2020-02-03,1302.0,50.11
2020-02-04,1290.0,49.61
2020-02-05,1284.0,50.75
2020-02-06,1297.0,50.95
2020-02-07,1290.0,50.32
2020-02-10,1285.0,49.57
2020-02-11,1299.0,49.94
2020-02-12,1287.0,51.17
2020-02-13,1301.0,51.42
2020-02-14,1314.0,52.05
2020-02-17,1314.0,52.2
2020-02-18,1293.0,52.05
2020-02-19,1290.0,53.29
2020-02-20,1279.0,53.78
2020-02-21,1296.0,53.38
2020-02-24,1273.0,51.43
2020-02-25,1282.0,49.9
2020-02-26,1295.0,48.73
2020-02-27,1289.0,47.09
2020-02-28,1283.0,44.76
2020-03-02,1291.0,46.75
2020-03-03,1331.0,47.18
2020-03-04,1307.0,46.78
2020-03-05,1274.0,45.9
2020-03-06,1245.0,41.28
2020-03-09,1247.0,31.13
2020-03-10,1279.0,34.36
2020-03-11,1271.0,32.98
2020-03-12,1249.0,31.5
2020-03-13,1241.0,31.73
2020-03-16,1221.0,28.7
2020-03-17,1212.0,26.95
2020-03-18,1227.0,20.37
2020-03-19,1216.0,25.22
2020-03-20,1244.0,22.43
2020-03-23,1244.0,23.36
2020-03-24,1257.0,24.01
2020-03-25,1259.0,24.49
2020-03-26,1278.0,22.6
2020-03-27,1244.0,21.51
2020-03-30,1237.0,20.09
2020-03-31,1222.0,20.48
2020-04-01,1204.0,20.31
2020-04-02,1234.0,25.32
2020-04-03,1220.0,28.34
2020-04-06,1221.0,26.08
2020-04-07,1233.0,23.63
2020-04-08,1230.0,25.09
2020-04-09,1219.0,22.76
2020-04-14,1192.0,20.11
2020-04-15,1206.0,19.87
2020-04-16,1205.0,19.87
2020-04-17,1188.0,18.27
2020-04-20,1177.0,-37.63
2020-04-21,1139.0,10.01
2020-04-22,1121.0,13.78
2020-04-23,1150.0,16.5
2020-04-24,1144.0,16.94
2020-04-27,1150.0,12.78
2020-04-28,1180.0,12.34
2020-04-29,1186.0,15.06
2020-04-30,1194.0,18.84
2020-05-01,1205.0,19.78
2020-05-04,1197.0,20.39
2020-05-05,1200.0,24.56
2020-05-06,1201.0,23.99
2020-05-07,1186.0,23.55
2020-05-11,1198.0,24.14
2020-05-12,1180.0,25.78
2020-05-13,1147.0,25.29
2020-05-14,1168.0,27.56
2020-05-15,1178.0,29.43
2020-05-18,1182.0,31.82
2020-05-19,1184.0,32.5
2020-05-20,1186.0,33.49
2020-05-21,1189.0,33.92
2020-05-22,1207.0,33.25
2020-05-26,1242.0,34.35
2020-05-27,1232.0,32.81
2020-05-28,1199.0,33.71
2020-05-29,1189.0,35.49
2020-06-01,1178.0,35.44
2020-06-02,1198.0,36.81
2020-06-03,1218.0,37.29
2020-06-04,1210.0,37.41
2020-06-05,1245.0,39.55
2020-06-08,1263.0,38.19
2020-06-09,1247.0,38.94
2020-06-10,1253.0,39.6
2020-06-11,1227.0,36.34
2020-06-12,1212.0,36.26
2020-06-15,1194.0,37.12
2020-06-16,1177.0,38.38
2020-06-17,1182.0,37.96
2020-06-18,1164.0,38.84
2020-06-19,1175.0,39.75
2020-06-22,1188.0,40.46
2020-06-23,1185.0,40.37
2020-06-24,1176.0,38.01
2020-06-25,1154.0,38.72
2020-06-26,1153.0,38.49
2020-06-29,1178.0,39.7
2020-06-30,1187.0,39.27
2020-07-01,1204.0,39.82
2020-07-02,1202.0,40.65
2020-07-03,1199.0,40.28
2020-07-06,1175.0,40.63
2020-07-07,1191.0,40.62
2020-07-08,1192.0,40.9
2020-07-09,1197.0,39.62
2020-07-10,1197.0,40.55
2020-07-13,1224.0,40.1
2020-07-14,1215.0,40.29
2020-07-15,1226.0,41.2
2020-07-16,1243.0,40.75
2020-07-17,1293.0,40.59
2020-07-20,1278.0,40.81
2020-07-21,1317.0,41.96
2020-07-22,1357.0,41.9
2020-07-23,1350.0,41.07
2020-07-24,1358.0,41.29
2020-07-27,1346.0,41.6
2020-07-28,1350.0,41.04
2020-07-29,1358.0,41.27
2020-07-30,1356.0,39.92
2020-07-31,1361.0,40.27
2020-08-03,1350.0,41.01
2020-08-04,1386.0,41.7
2020-08-05,1362.0,42.19
2020-08-06,1353.0,41.95
2020-08-07,1363.0,41.22
2020-08-10,1357.0,41.94
2020-08-11,1337.0,41.61
2020-08-12,1342.0,42.67
2020-08-13,1382.0,42.24
2020-08-14,1384.0,42.01
2020-08-17,1378.0,42.89
2020-08-18,1396.0,42.89
2020-08-19,1384.0,42.93
2020-08-20,1385.0,42.58
2020-08-21,1406.0,42.34
2020-08-24,1404.0,42.62
2020-08-25,1421.0,43.35
2020-08-26,1427.0,43.39
2020-08-27,1405.0,43.04
2020-08-28,1429.0,42.97
2020-09-01,1463.0,42.76
2020-09-02,1440.0,41.51
2020-09-03,1436.0,41.37
2020-09-04,1444.0,39.77
2020-09-07,1427.0,39.2
2020-09-08,1411.0,36.76
2020-09-09,1416.0,38.05
2020-09-10,1423.0,37.3
2020-09-11,1433.0,37.33
2020-09-14,1387.0,37.26
2020-09-15,1391.0,38.28
2020-09-16,1392.0,40.16
2020-09-17,1387.0,40.97
2020-09-18,1356.0,41.11
2020-09-21,1347.0,39.31
2020-09-22,1341.0,39.6
2020-09-23,1349.0,39.93
2020-09-24,1352.0,40.31
2020-09-25,1376.0,40.25
2020-09-28,1346.0,40.6
2020-09-29,1330.0,39.29
2020-09-30,1331.0,40.22
2020-10-01,1315.0,38.72
2020-10-02,1311.0,37.05
2020-10-05,1293.0,39.22
2020-10-06,1279.0,40.67
2020-10-07,1266.0,39.95
2020-10-08,1271.0,41.19
2020-10-09,1280.0,40.6
2020-10-12,1255.0,39.43
2020-10-13,1250.0,40.2
2020-10-14,1276.0,41.04
2020-10-15,1286.0,40.96
2020-10-16,1297.0,40.88
2020-10-19,1305.0,40.83
2020-10-20,1289.0,41.46
2020-10-21,1279.0,40.03
2020-10-22,1307.0,40.64
2020-10-23,1305.0,39.85
2020-10-26,1313.0,38.56
2020-10-27,1351.0,39.57
2020-10-28,1347.0,37.39
2020-10-29,1337.0,36.17
2020-10-30,1351.0,35.79
2020-11-02,1342.0,36.81
2020-11-03,1327.0,37.66
2020-11-04,1313.0,39.15
2020-11-05,1339.0,38.79
2020-11-06,1350.0,37.14
2020-11-09,1347.0,40.29
2020-11-10,1366.0,41.36
2020-11-11,1393.0,41.45
2020-11-12,1413.0,41.12
2020-11-13,1410.0,40.13
2020-11-16,1440.0,41.34
2020-11-17,1416.0,41.43
2020-11-18,1402.0,41.82
2020-11-19,1391.0,41.74
2020-11-20,1386.0,42.15
2020-11-23,1378.0,43.06
2020-11-24,1353.0,44.91
2020-11-25,1376.0,45.71
2020-11-26,1411.0,44.98
2020-11-27,1413.0,45.53
2020-11-30,1405.0,45.34
2020-12-01,1388.0,44.55
2020-12-02,1364.0,45.28
2020-12-03,1371.0,45.64
2020-12-04,1355.0,46.26
2020-12-07,1350.0,45.76
2020-12-08,1345.0,45.6
2020-12-09,1334.0,45.52
2020-12-10,1351.0,46.78
2020-12-11,1357.0,46.57
2020-12-14,1376.0,46.99
2020-12-15,1372.0,47.62
2020-12-16,1378.0,47.82
2020-12-17,1387.0,48.36
2020-12-18,1380.0,49.1
2020-12-21,1383.0,47.74
2020-12-22,1379.0,47.02
2020-12-23,1378.0,48.12
2020-12-24,1383.0,48.23
2020-12-29,1383.0,48.0
2020-12-30,1376.0,48.4
2020-12-31,1386.0,48.52
2021-01-04,1372.0,47.62
2021-01-05,1365.0,49.93
2021-01-06,1356.0,50.63
2021-01-07,1336.0,50.83
2021-01-08,1318.0,52.24
2021-01-11,1315.0,52.25
2021-01-12,1302.0,53.21
2021-01-13,1332.0,52.91
2021-01-14,1332.0,53.57
2021-01-15,1353.0,52.36
2021-01-18,1343.0,52.36
2021-01-19,1348.0,52.98
2021-01-20,1340.0,53.24
2021-01-21,1323.0,53.13
2021-01-22,1310.0,52.27
2021-01-25,1309.0,52.77
2021-01-26,1325.0,52.61
2021-01-27,1326.0,52.85
2021-01-28,1313.0,52.34
2021-01-29,1319.0,52.2
2021-02-01,1336.0,53.55
2021-02-02,1318.0,54.76
2021-02-03,1343.0,55.69
2021-02-04,1359.0,56.23
2021-02-05,1359.0,56.85
2021-02-08,1356.0,57.97
2021-02-09,1365.0,58.36
2021-02-10,1374.0,58.68
2021-02-11,1362.0,58.24
2021-02-12,1367.0,59.47
2021-02-15,1356.0,60.09
2021-02-16,1363.0,60.05
2021-02-17,1372.0,61.14
2021-02-18,1380.0,60.52
2021-02-19,1369.0,59.24
2021-02-22,1416.0,61.49
2021-02-23,1460.0,61.67
2021-02-24,1463.0,63.22
2021-02-25,1476.0,63.53
2021-02-26,1473.0,61.5
2021-03-01,1465.0,60.64
2021-03-02,1450.0,59.75
2021-03-03,1426.0,61.28
2021-03-04,1406.0,63.83
2021-03-05,1381.0,66.09
2021-03-08,1361.0,65.05
2021-03-09,1400.0,64.01
2021-03-10,1410.0,64.44
2021-03-11,1419.0,66.02
2021-03-12,1403.0,65.61
2021-03-15,1388.0,65.39
2021-03-16,1406.0,64.8
2021-03-17,1412.0,64.6
2021-03-18,1386.0,60.0
2021-03-19,1380.0,61.42
2021-03-22,1398.0,61.55
2021-03-23,1377.0,57.76
2021-03-24,1366.0,61.18
2021-03-25,1365.0,58.56
2021-03-26,1416.0,60.97
2021-03-29,1397.0,61.56
2021-03-30,1373.0,60.55
2021-03-31,1366.0,59.16
2021-04-01,1350.0,61.45
2021-04-06,1357.0,59.33
2021-04-07,1349.0,59.77
2021-04-08,1369.0,59.6
2021-04-09,1363.0,59.32
2021-04-12,1365.0,59.7
2021-04-13,1369.0,60.18
2021-04-14,1391.0,63.15
2021-04-15,1389.0,63.46
2021-04-16,1380.0,63.13
2021-04-19,1385.0,63.38
2021-04-20,1398.0,62.44
2021-04-21,1410.0,61.35
2021-04-22,1408.0,61.43
2021-04-23,1416.0,62.14
2021-04-26,1440.0,61.91
2021-04-27,1461.0,62.94
2021-04-28,1468.0,63.86
2021-04-29,1452.0,65.01
2021-04-30,1456.0,63.58
2021-05-04,1474.0,65.69
2021-05-05,1538.0,65.63
2021-05-06,1547.0,64.71
2021-05-07,1539.0,64.9
2021-05-10,1518.0,64.92
2021-05-11,1532.0,65.28
2021-05-12,1514.0,66.08
2021-05-13,1495.0,63.82
2021-05-14,1460.0,65.37
2021-05-17,1459.0,66.27
2021-05-18,1515.0,65.49
2021-05-19,1502.0,63.36
2021-05-20,1490.0,62.05
2021-05-21,1478.0,63.58
2021-05-24,1478.0,66.05
2021-05-25,1512.0,66.07
2021-05-26,1526.0,66.21
2021-05-27,1538.0,66.85
2021-05-28,1605.0,66.32
2021-06-01,1615.0,67.72
2021-06-02,1627.0,68.83
2021-06-03,1616.0,68.81
2021-06-04,1638.0,69.62
2021-06-07,1651.0,69.23
2021-06-08,1621.0,70.05
2021-06-09,1608.0,69.96
2021-06-10,1611.0,70.29
2021-06-11,1619.0,70.91
2021-06-14,1596.0,70.88
2021-06-15,1600.0,72.12
2021-06-16,1629.0,72.15
2021-06-17,1598.0,71.04
2021-06-18,1616.0,71.64
2021-06-21,1617.0,73.66
2021-06-22,1597.0,73.06
2021-06-23,1623.0,73.08
2021-06-24,1650.0,73.3
2021-06-25,1679.0,74.05
2021-06-28,1711.0,72.91
2021-06-29,1675.0,72.98
2021-06-30,1705.0,73.47
2021-07-01,1701.0,75.23
2021-07-02,1707.0,75.16
2021-07-05,1687.0,76.25
2021-07-06,1679.0,73.37
2021-07-07,1702.0,72.2
2021-07-08,1707.0,72.94
2021-07-09,1744.0,74.56
2021-07-12,1744.0,74.1
2021-07-13,1717.0,75.25
2021-07-14,1762.0,73.13
2021-07-15,1756.0,71.65
2021-07-16,1767.0,71.81
2021-07-19,1732.0,66.42
2021-07-20,1761.0,67.42
2021-07-21,1779.0,70.3
2021-07-22,1889.0,71.91
2021-07-23,1899.0,72.07
2021-07-26,1964.0,71.91
2021-07-27,1940.0,71.65
2021-07-28,1943.0,72.39
2021-07-29,1900.0,73.62
2021-07-30,1801.0,73.95
2021-08-02,1766.0,71.26
2021-08-03,1787.0,70.56
2021-08-04,1787.0,68.15
2021-08-05,1782.0,69.09
2021-08-06,1754.0,68.28
2021-08-09,1797.0,66.48
2021-08-10,1863.0,68.29
2021-08-11,1864.0,69.25
2021-08-12,1854.0,69.09
2021-08-13,1836.0,68.44
2021-08-16,1853.0,67.29
2021-08-17,1845.0,66.59
2021-08-18,1877.0,65.46
2021-08-19,1863.0,63.69
2021-08-20,1882.0,62.32
2021-08-23,1912.0,65.64
2021-08-24,1971.0,67.54
2021-08-25,1973.0,68.36
2021-08-26,1994.0,67.42
2021-08-27,2018.0,68.74
2021-08-31,2026.0,68.5
2021-09-01,2066.0,68.59
2021-09-02,2056.0,69.99
2021-09-03,2059.0,69.29
2021-09-06,2082.0,68.8
2021-09-07,2102.0,68.35
2021-09-08,2078.0,69.3
2021-09-09,2050.0,68.14
2021-09-10,2048.0,69.72
2021-09-13,2057.0,70.45
2021-09-14,2063.0,70.46
2021-09-15,2082.0,72.61
2021-09-16,2107.0,72.61
2021-09-17,2151.0,71.97
2021-09-20,2152.0,70.29
2021-09-21,2160.0,70.56
2021-09-22,2142.0,72.23
2021-09-23,2146.0,73.3
2021-09-24,2148.0,73.98
2021-09-27,2115.0,75.45
2021-09-28,2145.0,75.29
2021-09-29,2110.0,74.83
2021-09-30,2119.0,75.03
2021-10-01,2161.0,75.88
2021-10-04,2140.0,77.62
2021-10-05,2109.0,78.93
2021-10-06,2116.0,77.43
2021-10-07,2116.0,78.3
2021-10-08,2116.0,79.35
2021-10-11,2104.0,80.52
2021-10-12,2151.0,80.64
2021-10-13,2143.0,80.44
2021-10-14,2145.0,81.31
2021-10-15,2121.0,82.28
2021-10-18,2115.0,82.44
2021-10-19,2120.0,82.96
2021-10-20,2131.0,83.87
2021-10-21,2135.0,82.5
2021-10-22,2141.0,83.76
2021-10-25,2195.0,83.76
2021-10-26,2270.0,84.65
2021-10-27,2197.0,82.66
2021-10-28,2177.0,82.81
2021-10-29,2214.0,83.57
2021-11-01,2269.0,84.05
2021-11-02,2234.0,83.91
2021-11-03,2232.0,80.86
2021-11-04,2204.0,78.81
2021-11-05,2181.0,81.27
2021-11-08,2166.0,81.93
2021-11-09,2226.0,84.15
2021-11-10,2215.0,81.34
2021-11-11,2292.0,81.59
2021-11-12,2277.0,80.79
2021-11-15,2264.0,80.88
2021-11-16,2237.0,80.76
2021-11-17,2256.0,78.36
2021-11-18,2212.0,79.01
2021-11-19,2245.0,76.1
2021-11-22,2251.0,76.75
2021-11-23,2297.0,78.5
2021-11-24,2281.0,78.39
2021-11-25,2228.0,77.41
2021-11-26,2237.0,68.15
2021-11-29,2197.0,69.95
2021-11-30,2200.0,66.18
2021-12-01,2253.0,65.57
2021-12-02,2265.0,66.5
2021-12-03,2298.0,66.26
2021-12-06,2315.0,69.49
2021-12-07,2273.0,72.05
2021-12-08,2295.0,72.36
2021-12-09,2306.0,70.94
2021-12-10,2291.0,71.67
2021-12-13,2287.0,71.29
2021-12-14,2297.0,70.73
2021-12-15,2303.0,70.87
2021-12-16,2299.0,72.38
2021-12-17,2333.0,70.86
2021-12-20,2308.0,68.23
2021-12-21,2317.0,71.12
2021-12-22,2339.0,72.76
2021-12-23,2353.0,73.79
2021-12-28,2343.0,75.98
2021-12-29,2364.0,76.56
2021-12-30,2373.0,76.99
2021-12-31,2370.0,75.21
2022-01-04,2349.0,76.99
2022-01-05,2321.0,77.85
2022-01-06,2307.0,79.46
2022-01-07,2316.0,78.9
2022-01-10,2260.0,78.23
2022-01-11,2268.0,81.22
2022-01-12,2282.0,82.64
2022-01-13,2237.0,82.12
2022-01-14,2228.0,83.82
2022-01-17,2218.0,83.69
2022-01-18,2195.0,85.43
2022-01-19,2225.0,86.96
2022-01-20,2227.0,86.9
2022-01-21,2213.0,85.14
2022-01-24,2197.0,83.31
2022-01-25,2237.0,85.6
2022-01-26,2191.0,87.35
2022-01-27,2174.0,86.61
2022-01-28,2184.0,86.82
2022-01-31,2172.0,88.15
2022-02-01,2176.0,88.2
2022-02-02,2198.0,88.26
2022-02-03,2220.0,90.27
2022-02-04,2213.0,92.31
2022-02-07,2218.0,91.32
2022-02-08,2234.0,89.36
2022-02-09,2259.0,89.66
2022-02-10,2263.0,89.88
2022-02-11,2270.0,93.1
2022-02-14,2243.0,95.46
2022-02-15,2265.0,92.07
2022-02-16,2274.0,93.66
2022-02-17,2274.0,91.76
2022-02-18,2255.0,91.07
2022-02-21,2234.0,92.65
2022-02-22,2260.0,92.35
2022-02-23,2234.0,92.1
2022-02-24,2179.0,92.81
2022-02-25,2178.0,91.59
2022-02-28,2090.0,95.72
2022-03-01,2084.0,103.41
2022-03-02,2030.0,110.6
2022-03-03,2013.0,107.67
2022-03-04,2038.0,115.68
2022-03-07,2035.0,119.4
2022-03-08,2094.0,123.7
2022-03-09,2117.0,108.7
2022-03-10,2093.0,106.02
2022-03-11,2095.0,109.33
2022-03-14,2115.0,103.01
2022-03-15,2081.0,96.44
2022-03-16,2148.0,95.04
2022-03-17,2139.0,102.98
2022-03-18,2167.0,104.7
2022-03-21,2175.0,112.12
2022-03-22,2170.0,111.76
2022-03-23,2139.0,114.93
2022-03-24,2136.0,112.34
2022-03-25,2148.0,113.9
2022-03-28,2124.0,105.96
2022-03-29,2115.0,104.24
2022-03-30,2140.0,107.82
2022-03-31,2152.0,100.28
2022-04-01,2130.0,99.27
2022-04-04,2122.0,103.28
2022-04-05,2110.0,101.96
2022-04-06,2090.0,96.23
2022-04-07,2066.0,96.03
2022-04-08,2096.0,98.26
2022-04-11,2117.0,94.29
2022-04-12,2111.0,100.6
2022-04-13,2105.0,104.25
2022-04-14,2099.0,106.95
2022-04-19,2088.0,102.56
2022-04-20,2092.0,102.75
2022-04-21,2114.0,103.79
2022-04-22,2116.0,102.07
2022-04-25,2066.0,98.54
2022-04-26,2054.0,101.7
2022-04-27,2032.0,102.02
2022-04-28,2089.0,105.36
2022-04-29,2107.0,104.69
2022-05-03,2115.0,102.41
2022-05-04,2137.0,107.81
2022-05-05,2136.0,108.26
2022-05-06,2083.0,109.77
2022-05-09,2020.0,103.09
2022-05-11,2078.0,105.71
2022-05-12,2058.0,106.13
2022-05-13,2040.0,110.49
2022-05-16,2087.0,114.2
2022-05-17,2104.0,112.4
2022-05-18,2063.0,109.59
2022-05-19,2080.0,112.21
2022-05-20,2056.0,113.23
2022-05-23,2041.0,110.29
2022-05-24,2043.0,109.77
2022-05-25,2088.0,110.33
2022-05-26,2109.0,114.09
2022-05-27,2096.0,115.07
2022-05-30,2106.0,117.61
2022-05-31,2110.0,114.67
2022-06-01,2139.0,115.26
2022-06-06,2140.0,118.5
2022-06-07,2121.0,119.41
2022-06-08,2117.0,122.11
2022-06-09,2108.0,121.51
2022-06-10,2095.0,120.67
2022-06-13,2055.0,120.93
2022-06-14,2053.0,118.93
2022-06-15,2055.0,115.31
2022-06-16,2104.0,117.59
2022-06-17,2079.0,109.56
2022-06-20,2077.0,108.84
2022-06-21,2101.0,110.65
2022-06-22,2113.0,106.19
2022-06-23,2086.0,104.27
2022-06-24,2044.0,107.62
2022-06-27,2040.0,109.57
2022-06-28,2017.0,111.76
2022-06-29,2049.0,109.78
2022-06-30,2033.0,105.76
2022-07-04,1999.0,110.4
2022-07-05,1961.0,99.5
2022-07-06,1955.0,98.53
2022-07-07,1944.0,102.73
2022-07-08,1981.0,104.79
2022-07-11,1966.0,104.09
2022-07-12,1954.0,95.84
2022-07-13,1981.0,96.3
2022-07-14,1930.0,95.78
2022-07-15,1923.0,97.59
2022-07-18,1992.0,102.6
2022-07-19,1998.0,104.22
2022-07-20,1998.0,102.26
2022-07-21,1987.0,96.35
2022-07-22,1962.0,94.7
2022-07-25,1973.0,96.7
2022-07-26,1974.0,94.98
2022-07-28,2014.0,96.42
2022-07-29,2028.0,98.62
2022-08-01,2028.0,93.89
2022-08-02,2020.0,94.42
2022-08-03,2023.0,90.66
2022-08-04,2041.0,88.54
2022-08-05,2042.0,89.01
2022-08-08,2074.0,90.76
2022-08-09,2100.0,90.5
2022-08-10,2149.0,91.93
2022-08-11,2223.0,94.34
2022-08-12,2261.0,92.09
2022-08-15,2265.0,89.41
2022-08-16,2228.0,86.53
2022-08-17,2224.0,88.11
2022-08-18,2218.0,90.5
2022-08-19,2226.0,90.77
2022-08-22,2243.0,90.23
2022-08-23,2258.0,93.74
2022-08-24,2348.0,94.89
2022-08-25,2312.0,92.52
2022-08-26,2279.0,93.06
2022-08-30,2261.0,91.64
2022-08-31,2250.0,89.55
2022-09-01,2228.0,86.61
2022-09-02,2223.0,86.87
2022-09-05,2217.0,88.96
2022-09-06,2262.0,86.88
2022-09-07,2238.0,81.94
2022-09-08,2276.0,83.54
2022-09-09,2264.0,86.79
2022-09-12,2263.0,87.78
2022-09-13,2239.0,87.31
2022-09-14,2230.0,88.48
2022-09-15,2210.0,85.1
2022-09-16,2186.0,85.11
2022-09-20,2218.0,84.45
2022-09-21,2216.0,82.94
2022-09-22,2240.0,83.49
2022-09-23,2239.0,78.74
2022-09-26,2239.0,76.71
2022-09-27,2180.0,78.5
2022-09-28,2208.0,82.15
2022-09-29,2182.0,81.23
2022-09-30,2153.0,79.49
2022-10-03,2173.0,83.63
2022-10-04,2172.0,86.52
2022-10-05,2173.0,87.76
2022-10-06,2140.0,88.45
2022-10-07,2155.0,92.64
2022-10-10,2158.0,91.13
2022-10-11,2166.0,89.35
2022-10-12,2142.0,87.27
2022-10-13,2099.0,89.11
2022-10-14,2061.0,85.61
2022-10-17,2064.0,85.46
2022-10-18,2057.0,82.82
2022-10-19,2012.0,85.55
2022-10-20,2045.0,85.98
2022-10-24,1957.0,84.58
2022-10-25,1951.0,85.32
2022-10-26,1896.0,87.91
2022-10-27,1908.0,89.08
2022-10-28,1871.0,87.9
2022-10-31,1877.0,86.53
2022-11-01,1851.0,88.37
2022-11-02,1916.0,90.0
2022-11-03,1877.0,88.17
2022-11-04,1898.0,92.61
2022-11-07,1870.0,91.79
2022-11-08,1850.0,88.91
2022-11-09,1848.0,85.83
2022-11-10,1851.0,86.47
2022-11-11,1852.0,88.96
2022-11-14,1840.0,85.87
2022-11-15,1818.0,86.92
2022-11-16,1808.0,85.59
2022-11-17,1834.0,81.64
2022-11-18,1827.0,80.08
2022-11-21,1838.0,79.73
2022-11-22,1860.0,80.95
2022-11-23,1816.0,77.94
2022-11-24,1816.0,77.95
2022-11-25,1857.0,76.28
2022-11-28,1855.0,77.24
2022-11-29,1859.0,78.2
2022-11-30,1887.0,80.56
2022-12-01,1892.0,81.33
2022-12-02,1888.0,80.3
2022-12-05,1899.0,77.4
2022-12-06,1916.0,74.47
2022-12-07,1918.0,72.58
2022-12-08,1918.0,72.06
2022-12-09,1884.0,71.5
2022-12-12,1903.0,73.44
2022-12-13,1892.0,75.19
2022-12-14,1915.0,77.27
2022-12-15,1946.0,76.25
2022-12-16,1933.0,74.45
2022-12-19,1945.0,75.89
2022-12-20,1956.0,76.23
2022-12-21,1976.0,78.24
2022-12-22,1957.0,78.45
2022-12-23,1959.0,79.34
2022-12-28,1909.0,78.6
2022-12-29,1897.0,78.61
2022-12-30,1869.0,80.47
2023-01-03,1926.0,77.12
2023-01-04,1913.0,73.1
2023-01-05,1872.0,73.92
2023-01-06,1865.0,74.04
2023-01-09,1920.0,74.92
2023-01-10,1900.0,75.37
2023-01-11,1871.0,77.68
2023-01-12,1941.0,78.65
2023-01-13,1976.0,80.11
2023-01-16,1957.0,79.04
2023-01-17,1947.0,80.45
2023-01-18,1951.0,79.8
2023-01-19,1964.0,80.61
2023-01-20,1999.0,81.64
2023-01-24,2013.0,80.13
2023-01-25,2013.0,80.15
2023-01-26,1994.0,81.01
2023-01-27,2053.0,79.68
2023-01-30,2037.0,77.9
2023-01-31,2107.0,78.87
2023-02-01,2053.0,76.41
2023-02-02,2049.0,75.88
2023-02-03,2031.0,73.39
2023-02-06,2038.0,74.11
2023-02-07,2082.0,77.14
2023-02-08,2063.0,78.47
2023-02-09,2037.0,78.06
2023-02-10,2040.0,79.72
2023-02-13,2044.0,80.14
2023-02-14,2067.0,79.06
2023-02-15,2048.0,78.59
2023-02-16,2068.0,78.49
2023-02-17,2085.0,76.34
2023-02-20,2093.0,77.3
2023-02-21,2111.0,76.16
2023-02-22,2180.0,73.95
2023-02-23,2141.0,75.39
2023-02-24,2134.0,76.32
2023-02-27,2115.0,75.68
2023-02-28,2121.0,77.05
2023-03-01,2159.0,77.69
2023-03-02,2162.0,78.16
2023-03-03,2144.0,79.68
2023-03-06,2136.0,80.46
2023-03-07,2135.0,77.58
2023-03-08,2140.0,76.66
2023-03-09,2147.0,75.72
2023-03-10,2119.0,76.68
2023-03-13,2101.0,74.8
2023-03-14,2070.0,71.33
2023-03-15,2058.0,67.61
2023-03-16,2090.0,68.35
2023-03-17,2047.0,66.74
2023-03-20,2068.0,67.64
2023-03-21,2112.0,69.33
2023-03-22,2087.0,70.9
2023-03-23,2101.0,69.96
2023-03-24,2163.0,69.26
2023-03-27,2163.0,72.81
2023-03-28,2185.0,73.2
2023-03-29,2170.0,72.97
2023-03-30,2216.0,74.37
2023-03-31,2206.0,75.67
2023-04-03,2229.0,80.42
2023-04-04,2254.0,80.71
2023-04-05,2314.0,80.61
2023-04-06,2299.0,80.7
2023-04-11,2403.0,81.53
2023-04-12,2409.0,83.26
2023-04-13,2444.0,82.16
2023-04-14,2411.0,82.52
2023-04-17,2440.0,80.83
2023-04-18,2442.0,80.86
2023-04-19,2468.0,79.16
2023-04-20,2442.0,77.29
2023-04-21,2465.0,77.87
2023-04-24,2564.0,78.76
2023-04-25,2539.0,77.07
2023-04-26,2525.0,74.3
2023-04-27,2527.0,74.76
2023-04-28,2535.0,76.78
2023-05-02,2546.0,71.66
2023-05-03,2554.0,68.6
2023-05-04,2537.0,68.56
2023-05-05,2611.0,71.34
2023-05-09,2465.0,73.71
2023-05-10,2481.0,72.56
2023-05-11,2547.0,70.87
2023-05-12,2582.0,70.04
2023-05-15,2641.0,71.11
2023-05-16,2674.0,70.86
2023-05-17,2717.0,72.83
2023-05-18,2700.0,71.86
2023-05-19,2723.0,71.55
2023-05-22,2783.0,71.99
2023-05-23,2717.0,72.91
2023-05-24,2717.0,74.34
2023-05-25,2553.0,71.83
2023-05-26,2574.0,72.67
2023-05-30,2562.0,69.46
2023-05-31,2556.0,68.09
2023-06-01,2605.0,70.1
2023-06-02,2575.0,71.74
2023-06-05,2607.0,72.15
2023-06-06,2614.0,71.74
2023-06-07,2674.0,72.53
2023-06-08,2760.0,71.29
2023-06-09,2728.0,70.17
2023-06-12,2706.0,67.12
2023-06-13,2713.0,69.42
2023-06-14,2725.0,68.27
2023-06-15,2804.0,70.62
2023-06-16,2796.0,71.78
2023-06-19,2833.0,71.31
2023-06-20,2807.0,70.5
2023-06-21,2759.0,72.53
2023-06-22,2792.0,69.51
2023-06-23,2738.0,69.16
2023-06-26,2900.0,69.37
2023-06-27,2930.0,67.7
2023-06-28,2818.0,69.56
2023-06-29,2777.0,69.86
2023-06-30,2697.0,70.64
2023-07-03,2750.0,69.79
2023-07-04,2744.0,71.06
2023-07-05,2713.0,71.79
2023-07-06,2510.0,71.8
