price_coffee,price_oil,prediction
2165.0,90.02,2043.5017
2166.0,88.41,2053.44
2175.0,87.14,2064.0273
2194.0,88.11,2073.6494
2220.0,91.77,2082.846
2200.0,93.59,2092.5017
2197.0,92.78,2100.7908
2267.0,93.27,2106.6191
2356.0,95.46,2112.9514
2357.0,95.5,2123.4895
2380.0,100.01,2138.328
2380.0,100.74,2157.8862
2436.0,98.23,2180.811
2495.0,98.81,2204.1343
2561.0,99.23,2224.838
2527.0,100.88,2244.001
2624.0,99.64,2261.2896
2711.0,102.59,2281.2302
2718.0,101.84,2306.7463
2721.0,102.45,2332.4836
2722.0,99.52,2354.321
2751.0,104.52,2368.4685
2588.0,105.47,2374.717
2469.0,105.15,2360.8035
2481.0,107.9,2328.5322
2517.0,108.75,2291.4382
2587.0,109.92,2265.53
2676.0,110.33,2258.0598
2566.0,110.21,2273.8425
2381.0,105.68,2296.058
2391.0,109.42,2315.211
2280.0,104.48,2308.123
2188.0,101.84,2273.209
2240.0,101.22,2215.0188
2242.0,105.9,2161.6414
2314.0,107.58,2127.5327
2255.0,105.62,2119.6113
2234.0,101.58,2131.4568
2208.0,100.98,2145.416
2197.0,104.83,2154.7278
2220.0,103.83,2156.6592
2212.0,106.23,2147.8003
2210.0,109.09,2130.92
2213.0,108.5,2116.3984
2255.0,110.87,2112.9258
2233.0,110.11,2114.98
2233.0,110.14,2120.395
2235.0,111.76,2127.7163
2235.0,113.79,2133.01
2271.0,114.93,2135.5933
2330.0,114.86,2136.0586
2272.0,116.69,2139.4678
2239.0,117.48,2145.9446
2320.0,119.37,2152.4565
2260.0,118.3,2159.123
2256.0,116.06,2161.9675
2213.0,118.52,2159.4146
2255.0,118.75,2151.31
2220.0,115.63,2142.888
2220.0,113.46,2134.1267
2106.0,112.52,2126.8528
2105.0,116.32,2118.1274
2105.0,119.97,2104.85
2120.0,121.84,2085.7864
2101.0,123.53,2069.9055
2101.0,123.69,2058.8682
2180.0,125.96,2056.7632
2208.0,124.23,2060.943
2218.0,125.8,2068.8706
2205.0,124.22,2083.8252
2205.0,124.12,2099.9019
2234.0,126.29,2114.8333
2215.0,127.05,2124.8252
2237.0,129.07,2129.0842
2281.0,133.17,2128.7134
2202.0,130.81,2129.149
2205.0,132.19,2130.2695
2195.0,128.85,2131.0066
2144.0,131.03,2128.996
2120.0,126.62,2121.1262
2212.0,127.35,2106.069
2251.0,127.76,2091.1682
2206.0,124.31,2087.9692
2192.0,122.3,2094.8467
2245.0,127.79,2107.1294
2202.0,138.54,2121.4058
2138.0,134.35,2130.3838
2169.0,131.31,2129.0273
2160.0,136.38,2121.1497
2184.0,136.74,2106.152
2184.0,134.86,2094.8372
2197.0,134.61,2088.4917
2239.0,134.01,2092.2502
2230.0,136.68,2100.9773
2223.0,131.93,2113.259
2315.0,134.62,2124.3906
2296.0,136.74,2134.4934
2291.0,137.0,2146.522
2334.0,134.55,2157.7024
2384.0,139.64,2166.8896
2361.0,140.21,2178.403
2396.0,140.0,2191.6985
2465.0,140.97,2202.8762
2463.0,143.57,2215.9324
2416.0,145.29,2231.466
2368.0,141.37,2244.2727
2248.0,136.04,2247.6926
2253.0,136.05,2232.1262
2271.0,141.65,2201.021
2261.0,145.08,2167.1443
2277.0,145.18,2142.0325
2260.0,138.74,2138.0066
2264.0,134.6,2142.9236
2257.0,129.29,2152.488
2251.0,128.88,2158.8616
2253.0,131.04,2164.504
2278.0,127.95,2163.3005
2230.0,124.44,2157.8975
2225.0,125.49,2151.1355
2261.0,123.26,2144.5103
2245.0,124.73,2140.882
2286.0,122.19,2139.9526
2287.0,126.77,2140.539
2317.0,124.08,2143.9272
2337.0,125.1,2152.4514
2261.0,121.41,2163.09
2340.0,119.17,2171.9343
2320.0,118.58,2178.7603
2340.0,120.02,2181.4465
2295.0,115.2,2181.9636
2292.0,114.45,2179.877
2265.0,113.01,2176.864
2210.0,116.0,2172.3223
2203.0,115.01,2161.7927
2170.0,113.77,2145.758
2223.0,112.87,2127.1091
2258.0,114.53,2112.1934
2250.0,114.98,2107.8218
2250.0,121.18,2112.808
2260.0,114.59,2123.0103
2260.0,115.11,2136.8784
2300.0,116.27,2148.0881
2275.0,118.15,2154.978
2260.0,115.59,2157.9268
2275.0,115.46,2157.6294
2225.0,109.71,2155.4827
2195.0,109.35,2151.2222
2196.0,107.89,2143.2139
2148.0,106.23,2129.7698
2162.0,106.34,2114.1553
2147.0,103.26,2098.8096
2158.0,102.58,2087.5461
2147.0,100.87,2082.4102
2149.0,101.18,2079.2578
2164.0,95.71,2080.0474
2062.0,91.15,2082.1406
2066.0,97.16,2079.3916
2063.0,97.88,2072.3594
2097.0,104.55,2059.1948
2141.0,120.92,2045.721
2123.0,106.61,2037.9119
2128.0,105.73,2043.1316
2146.0,108.02,2053.0396
2077.0,106.89,2064.473
2011.0,96.37,2070.9485
1992.0,100.64,2067.2856
1980.0,98.53,2051.7795
1945.0,93.97,2016.4187
1921.0,93.88,1969.8552
1816.0,87.81,1934.9818
1826.0,90.06,1897.3739
1715.0,88.95,1851.9501
1773.0,86.59,1795.4777
1700.0,77.7,1755.6804
1763.0,81.19,1730.1317
1793.0,78.63,1721.7501
1722.0,74.54,1719.9552
1715.0,69.85,1720.6074
1740.0,71.85,1721.0012
1724.0,74.25,1722.458
1718.0,70.89,1722.74
1693.0,66.75,1721.9882
1650.0,67.84,1719.3358
1610.0,64.15,1713.3914
1542.0,63.22,1704.3948
1545.0,62.73,1689.1788
1562.0,67.5,1667.6465
1537.0,65.96,1635.8734
1558.0,67.81,1605.828
1561.0,63.91,1586.1125
1675.0,70.53,1571.3112
1695.0,65.3,1563.0988
1621.0,60.77,1564.5912
1625.0,61.04,1573.2113
1745.0,62.41,1586.3176
1713.0,59.33,1604.8762
1685.0,56.16,1632.7487
1670.0,58.24,1662.0626
1675.0,57.04,1680.372
1661.0,54.95,1687.9415
1669.0,54.39,1686.5419
1655.0,53.62,1682.4468
1625.0,49.62,1675.6827
1622.0,49.93,1666.4828
1674.0,54.5,1659.9481
1681.0,50.77,1651.7795
1721.0,54.44,1648.2152
1746.0,54.43,1656.0939
1694.0,49.28,1670.7494
1675.0,46.96,1682.3418
1669.0,46.79,1691.8547
1580.0,43.67,1695.8689
1564.0,40.81,1693.0055
1605.0,43.71,1681.2518
1619.0,42.07,1663.3171
1646.0,43.52,1641.3932
1661.0,47.98,1624.6003
1641.0,46.28,1616.9701
1638.0,44.51,1618.236
1620.0,43.6,1621.8044
1634.0,40.06,1625.2306
1648.0,36.22,1626.221
1597.0,33.87,1626.1323
1573.0,39.91,1622.4773
1547.0,38.98,1612.8516
1549.0,35.35,1600.5157
1533.0,40.02,1587.4897
1544.0,39.03,1573.2701
1522.0,44.6,1559.5442
1565.0,46.34,1550.9177
1545.0,48.81,1545.0568
1648.0,48.58,1540.3779
1623.0,42.63,1538.7874
1620.0,41.7,1539.3365
1674.0,40.83,1542.252
1639.0,37.59,1547.1859
1623.0,37.78,1556.1364
1614.0,37.28,1570.533
1609.0,35.4,1587.4778
1662.0,36.51,1600.1183
1656.0,38.74,1607.7802
1668.0,43.55,1609.2998
1695.0,43.67,1611.1376
1706.0,46.47,1620.3171
1718.0,45.73,1635.8511
1715.0,41.58,1657.8368
1713.0,42.16,1673.8403
1715.0,41.44,1685.6295
1715.0,41.68,1694.1676
1665.0,40.08,1698.2559
1659.0,40.78,1698.5392
1597.0,40.32,1694.3455
1649.0,41.17,1685.467
1665.0,40.17,1674.5013
1655.0,39.56,1663.1993
1608.0,37.55,1655.0367
1614.0,35.94,1648.5425
1575.0,33.98,1641.9045
1578.0,37.51,1630.1685
1572.0,34.93,1616.2587
1566.0,34.62,1601.1658
1577.0,39.48,1586.9526
1558.0,38.94,1574.3427
1573.0,38.44,1562.4264
1572.0,39.96,1556.6241
1565.0,42.5,1552.4004
1557.0,45.22,1549.3699
1543.0,44.76,1546.4716
1512.0,40.15,1543.6147
1498.0,41.65,1540.4716
1524.0,45.38,1536.248
1516.0,43.61,1532.5094
1510.0,45.52,1529.9689
1464.0,47.07,1527.3228
1432.0,45.71,1524.6648
1422.0,42.33,1521.3484
1528.0,47.03,1516.9495
1539.0,46.25,1512.6978
1525.0,47.35,1509.6256
1509.0,49.16,1508.2716
1522.0,48.14,1508.0798
1550.0,51.61,1508.06
1535.0,51.06,1508.6587
1566.0,53.8,1509.6484
1556.0,53.98,1511.0934
1553.0,52.77,1512.916
1557.0,54.34,1515.5693
1540.0,52.38,1519.3016
1524.0,48.41,1523.6895
1524.0,49.66,1526.998
1533.0,48.39,1528.8539
1561.0,52.64,1528.8279
1564.0,52.51,1528.1001
1563.0,51.05,1527.9028
1560.0,49.15,1528.3851
1559.0,49.38,1529.3203
1570.0,52.24,1530.4111
1521.0,49.41,1531.5875
1514.0,49.25,1532.1658
1502.0,49.98,1531.9865
1493.0,50.33,1531.0276
1502.0,45.88,1529.2042
1494.0,46.51,1526.7839
1498.0,48.85,1524.0037
1484.0,49.62,1521.2966
1497.0,51.55,1518.6973
1454.0,50.14,1516.0016
1448.0,49.92,1513.004
1449.0,50.97,1509.4348
1424.0,51.12,1505.225
1475.0,53.2,1500.4536
1475.0,54.47,1496.2593
1495.0,53.84,1493.7487
1501.0,56.34,1492.531
1477.0,56.71,1492.9089
1484.0,58.63,1493.3639
1484.0,58.5,1493.4436
1485.0,58.85,1493.0792
1480.0,58.02,1492.9069
1481.0,58.62,1493.0883
1487.0,56.34,1492.9784
1507.0,59.03,1493.9618
1511.0,59.65,1496.1222
1505.0,62.04,1498.3108
1512.0,61.05,1500.9166
1489.0,61.67,1502.4432
1485.0,62.45,1504.0298
1508.0,63.45,1504.698
1491.0,65.08,1505.2268
1491.0,66.31,1505.7026
1559.0,68.58,1505.8281
1548.0,68.55,1506.9397
1535.0,66.12,1509.0757
1543.0,68.81,1511.9797
1548.0,68.44,1515.2793
1537.0,68.09,1518.0566
1544.0,70.01,1520.6273
1535.0,71.33,1523.2268
1533.0,72.68,1525.4025
1523.0,72.04,1526.4008
1446.0,70.62,1527.2781
1470.0,70.47,1527.376
1441.0,71.03,1525.7251
1437.0,71.37,1522.8406
1344.0,69.55,1518.5072
1349.0,66.93,1511.9938
1302.0,69.24,1504.6791
1297.0,68.67,1496.0126
1288.0,70.23,1486.4259
1270.0,69.16,1476.0118
1294.0,71.49,1464.7399
1299.0,69.89,1453.4341
1300.0,69.31,1443.1958
1319.0,66.73,1434.0573
1331.0,64.05,1426.9058
1334.0,62.93,1422.1482
1331.0,60.14,1418.1212
1339.0,60.41,1415.5879
1350.0,59.89,1414.1151
1354.0,59.69,1414.5092
1376.0,59.52,1415.1272
1399.0,61.54,1417.4575
1401.0,62.02,1420.8748
1438.0,63.56,1425.261
1499.0,63.98,1431.0493
1487.0,64.72,1438.2064
1468.0,65.4,1446.0988
1483.0,67.16,1453.2838
1449.0,68.05,1459.4626
1451.0,68.38,1464.1019
1454.0,67.23,1468.3893
1464.0,63.35,1472.4012
1468.0,66.94,1476.1658
1468.0,69.45,1479.1466
1515.0,71.58,1482.0941
1520.0,71.42,1486.3441
1499.0,71.97,1491.0175
1494.0,71.94,1495.0295
1491.0,70.93,1497.8936
1463.0,70.6,1499.015
1452.0,69.45,1500.0189
1437.0,70.16,1500.7188
1415.0,70.52,1499.953
1393.0,67.51,1497.837
1364.0,66.75,1494.4105
1360.0,69.19,1490.2693
1364.0,72.42,1484.995
1344.0,72.54,1479.3921
1335.0,73.89,1473.6407
1316.0,74.37,1466.5654
1335.0,72.05,1458.892
1399.0,71.43,1452.0369
1375.0,72.49,1447.0624
1373.0,72.74,1443.6312
1373.0,69.96,1441.6565
1374.0,68.05,1440.203
1411.0,68.05,1439.143
1405.0,67.96,1439.3849
1418.0,68.02,1440.3778
1478.0,71.1,1442.0074
1479.0,71.31,1445.6592
1463.0,71.94,1450.6957
1474.0,69.29,1456.328
1491.0,68.86,1462.0663
1488.0,70.93,1467.7745
1498.0,72.51,1472.9874
1510.0,72.47,1477.2794
1499.0,72.04,1482.414
1465.0,69.71,1487.029
1465.0,71.55,1491.4258
1466.0,68.97,1495.6154
1389.0,65.89,1498.1709
1390.0,66.02,1498.3285
1390.0,66.84,1496.1512
1375.0,66.71,1491.3661
1375.0,70.61,1485.7706
1363.0,70.82,1481.2244
1383.0,69.95,1476.1716
1376.0,70.41,1470.8562
1419.0,70.88,1465.6925
1437.0,69.57,1461.4651
1481.0,71.69,1458.63
1461.0,71.77,1458.5286
1470.0,73.27,1460.0726
1427.0,74.15,1462.4093
1445.0,75.18,1464.0911
1443.0,77.58,1466.6222
1460.0,78.53,1468.451
1461.0,79.61,1470.5868
1446.0,79.09,1473.2396
1450.0,81.37,1475.4507
1437.0,81.19,1478.462
1363.0,80.5,1481.4202
1365.0,78.68,1482.4769
1394.0,79.55,1479.9587
1393.0,77.46,1475.9113
1406.0,79.87,1471.2078
1386.0,77.0,1468.1351
1431.0,78.13,1465.5472
1414.0,79.6,1465.0131
1408.0,80.4,1464.3079
1406.0,79.62,1463.1729
1402.0,77.43,1461.8217
1370.0,79.43,1460.0773
1275.0,79.05,1457.8312
1313.0,79.28,1453.8374
1293.0,76.94,1448.9312
1285.0,76.35,1444.5146
1318.0,78.9,1440.2886
1308.0,79.14,1436.534
1334.0,79.58,1433.5293
1311.0,77.46,1431.1029
1324.0,76.72,1428.7999
1334.0,77.56,1425.7874
1314.0,76.02,1423.2185
1326.0,77.96,1420.6345
1318.0,76.05,1418.6522
1318.0,77.28,1416.8792
1347.0,78.37,1415.7075
1336.0,76.6,1417.4117
1346.0,76.46,1418.3589
1320.0,75.47,1420.2477
1377.0,73.93,1421.6324
1355.0,72.62,1423.1581
1373.0,70.67,1424.9734
1382.0,70.54,1426.7719
1366.0,69.87,1429.0786
1371.0,69.51,1430.7749
1373.0,70.69,1432.2711
1373.0,72.66,1434.0046
1348.0,72.65,1435.0065
1325.0,73.36,1435.8004
1305.0,72.47,1435.4788
1289.0,74.4,1433.4725
1295.0,76.67,1431.0865
1287.0,78.05,1428.4327
1286.0,78.77,1426.2277
1260.0,78.87,1423.2047
1277.0,79.28,1420.3356
1294.0,79.36,1417.0177
1321.0,81.51,1414.1007
1315.0,81.77,1412.5068
1339.0,83.18,1411.5432
1348.0,82.66,1411.8597
1360.0,82.75,1413.1907
1346.0,82.52,1415.5142
1357.0,80.79,1417.9626
1359.0,79.65,1420.522
1357.0,79.39,1422.7101
1336.0,78.0,1424.7471
1328.0,79.02,1425.9453
1305.0,77.62,1426.5039
1292.0,76.08,1426.3813
1325.0,74.54,1425.2682
1329.0,75.26,1424.2742
1312.0,74.71,1423.4729
1298.0,73.67,1423.127
1295.0,73.64,1422.0205
1295.0,72.89,1420.3896
1322.0,74.43,1418.239
1339.0,77.23,1416.6815
1324.0,76.98,1415.8632
1310.0,73.14,1415.7389
1295.0,71.19,1415.4242
1296.0,71.89,1414.7748
1300.0,73.75,1413.6193
1295.0,74.52,1412.6311
1300.0,75.28,1411.7698
1297.0,74.13,1410.3408
1286.0,77.01,1409.398
1277.0,77.33,1409.0203
1272.0,79.06,1408.4708
1269.0,79.81,1407.4896
1226.0,80.16,1406.147
1226.0,78.86,1402.9028
1233.0,80.0,1398.7166
1216.0,78.17,1394.897
1238.0,79.66,1391.4601
1269.0,78.7,1388.8833
1252.0,79.68,1387.8195
1254.0,80.87,1387.2853
1210.0,80.21,1387.0336
1200.0,81.5,1384.8899
1190.0,81.87,1381.6816
1219.0,81.49,1377.3369
1208.0,82.09,1373.6887
1203.0,82.11,1370.5778
1203.0,81.24,1368.3739
1201.0,79.8,1367.5986
1206.0,81.7,1367.0403
1223.0,82.93,1366.4094
1242.0,82.2,1366.3271
1226.0,80.68,1366.4427
1241.0,81.25,1366.0355
1255.0,81.91,1366.5338
1255.0,80.61,1367.5935
1310.0,80.53,1370.225
1307.0,80.0,1374.8423
1339.0,82.17,1380.2052
1324.0,82.37,1386.5266
1324.0,83.76,1392.9724
1356.0,84.87,1398.6979
1355.0,86.62,1404.257
1363.0,86.84,1409.8256
1345.0,85.88,1414.967
1338.0,85.39,1419.0083
1340.0,84.92,1421.6531
1353.0,84.34,1423.8594
1346.0,84.05,1426.2568
1348.0,85.84,1428.1088
1348.0,85.51,1429.9623
1345.0,83.24,1430.7601
1314.0,81.45,1431.6445
1298.0,83.45,1431.1906
1284.0,83.68,1429.8865
1292.0,83.7,1427.3081
1297.0,85.12,1423.9677
1289.0,84.2,1421.114
1244.0,82.44,1418.4584
1266.0,83.22,1415.3812
1282.0,85.17,1412.6432
1292.0,86.15,1410.2594
1292.0,86.19,1408.341
1341.0,82.74,1406.9755
1335.0,79.97,1407.3494
1313.0,77.11,1408.8966
1331.0,75.11,1410.1799
1337.0,76.8,1411.6521
1351.0,76.37,1412.9979
1368.0,75.65,1414.9562
1354.0,74.4,1417.5852
1328.0,71.61,1419.7051
1307.0,70.08,1421.0878
1324.0,69.41,1422.1459
1291.0,69.87,1422.172
1289.0,68.01,1421.018
1289.0,70.04,1419.4369
1282.0,70.21,1417.5883
1283.0,68.75,1415.2219
1290.0,71.51,1413.501
1301.0,74.55,1412.6478
1301.0,73.97,1411.7544
1349.0,72.58,1410.7074
1338.0,72.86,1410.7418
1346.0,74.61,1411.302
1336.0,71.51,1412.9352
1338.0,71.44,1414.673
1341.0,71.99,1416.0791
1383.0,74.38,1417.1161
1473.0,75.48,1419.7245
1560.0,73.78,1425.2571
1568.0,75.12,1435.2832
1551.0,76.94,1448.1029
1563.0,77.67,1460.194
1540.0,76.79,1470.7281
1543.0,77.18,1480.2301
1538.0,77.82,1489.5566
1532.0,77.21,1497.9271
1551.0,76.35,1506.7465
1622.0,76.51,1515.4092
1671.0,78.86,1524.0035
1680.0,78.25,1531.6975
1667.0,75.94,1542.7412
1699.0,75.63,1557.9495
1740.0,72.95,1588.7821
1729.0,72.14,1627.344
1625.0,71.98,1669.0598
1644.0,74.07,1692.5059
1671.0,75.44,1700.9268
1682.0,76.09,1698.7549
1680.0,74.95,1689.8562
1696.0,77.15,1681.5985
1709.0,77.04,1678.512
1730.0,76.62,1684.4766
1741.0,76.01,1693.6113
1720.0,76.54,1702.7734
1678.0,77.44,1710.431
1650.0,76.56,1714.6221
1669.0,79.3,1713.2505
1710.0,78.98,1706.0338
1703.0,78.98,1696.889
1691.0,77.5,1692.1053
1714.0,76.99,1691.8851
1741.0,78.36,1695.4493
1741.0,78.95,1702.1512
1778.0,81.34,1709.721
1717.0,82.55,1717.5983
1741.0,82.47,1722.9425
1740.0,82.01,1725.52
1718.0,80.7,1725.5868
1724.0,81.48,1723.4183
1708.0,80.25,1720.7582
1708.0,78.02,1717.8221
1735.0,75.74,1715.2064
1731.0,75.39,1713.0917
1730.0,75.24,1713.2826
1744.0,75.77,1715.4742
1712.0,75.42,1718.3425
1711.0,74.43,1719.542
1751.0,73.46,1719.5635
1737.0,73.1,1718.5685
1600.0,71.63,1718.681
1559.0,72.52,1715.1848
1563.0,73.36,1707.0231
1597.0,75.17,1693.0109
1597.0,74.7,1672.074
1602.0,71.92,1648.6849
1617.0,73.91,1627.3289
1611.0,75.02,1612.7136
1604.0,74.6,1604.9227
1595.0,74.09,1601.6632
1610.0,74.67,1599.9734
1574.0,74.25,1598.8157
1565.0,76.45,1597.7585
1562.0,77.19,1595.4152
1582.0,76.8,1591.5117
1620.0,76.02,1584.7837
1644.0,74.57,1577.7863
1660.0,73.66,1575.4324
1645.0,74.86,1581.1711
1660.0,73.52,1590.7158
1686.0,74.71,1607.4435
1726.0,75.18,1629.2635
1716.0,76.49,1656.028
1725.0,76.52,1678.0623
1755.0,76.18,1693.7723
1726.0,77.86,1704.4052
1726.0,79.97,1712.1412
1725.0,81.58,1716.9474
1634.0,81.47,1718.9259
1640.0,82.82,1716.7955
1627.0,83.23,1710.2396
1621.0,81.67,1699.1682
1655.0,82.66,1684.4937
1627.0,82.21,1671.9768
1653.0,81.67,1662.7092
1648.0,83.01,1658.3779
1650.0,82.69,1657.0803
1651.0,81.25,1658.9714
1652.0,83.08,1663.5333
1715.0,79.49,1666.8096
1818.0,81.77,1672.5286
1872.0,80.56,1685.4543
1804.0,81.69,1705.1641
1835.0,82.52,1725.3605
1854.0,82.55,1756.8622
1910.0,81.94,1805.8513
1882.0,82.18,1854.3274
1965.0,81.43,1878.6615
1912.0,82.95,1895.575
1923.0,83.9,1904.7906
1924.0,84.69,1911.6635
1994.0,86.49,1916.0198
1972.0,86.85,1925.6544
2036.0,87.06,1938.3501
2056.0,86.72,1953.8292
1970.0,87.81,1969.3286
1920.0,87.81,1982.7765
1885.0,84.88,1988.9784
1909.0,84.86,1976.8258
1850.0,82.34,1945.399
1852.0,80.44,1905.4072
1890.0,81.85,1865.9763
1889.0,81.51,1836.9963
1827.0,81.74,1827.1819
1832.0,81.25,1829.6877
1813.0,83.86,1832.6229
1800.0,83.76,1827.0406
1763.0,85.73,1815.9587
1763.0,84.11,1797.9938
1800.0,86.75,1776.445
1867.0,88.0,1762.9817
1864.0,89.19,1762.1615
1860.0,89.38,1776.5912
1875.0,88.69,1807.9716
1881.0,88.28,1845.006
1923.0,88.37,1873.7234
1921.0,87.79,1893.2692
1946.0,88.61,1903.312
1914.0,88.28,1912.3845
1922.0,88.62,1916.274
1936.0,87.7,1918.4556
1973.0,88.02,1919.6979
1976.0,88.81,1922.998
1990.0,89.82,1931.4955
1988.0,90.48,1943.9464
1984.0,91.51,1957.5873
1995.0,91.12,1969.5447
2065.0,89.84,1977.5955
2082.0,91.38,1983.5936
2082.0,91.55,1989.6294
2072.0,89.38,1997.8066
1995.0,90.3,2009.6333
2026.0,88.38,2017.434
2018.0,88.03,2016.4868
2050.0,89.25,2007.7556
2105.0,91.11,1998.9479
2162.0,91.86,1999.3373
2135.0,91.4,2009.1254
2121.0,91.54,2025.9694
2140.0,91.38,2045.0925
2110.0,90.86,2062.3105
2108.0,88.86,2072.4387
2140.0,89.11,2074.3127
2107.0,87.87,2069.7954
2084.0,86.19,2060.675
2093.0,87.33,2054.2722
2061.0,85.64,2050.6475
2100.0,89.34,2046.4897
2100.0,92.19,2041.7875
2231.0,90.77,2039.0776
2225.0,90.86,2044.6138
2239.0,90.54,2056.4773
2207.0,89.03,2075.2485
2215.0,87.48,2096.8274
2195.0,86.94,2114.538
2221.0,86.71,2124.138
2224.0,86.73,2125.326
2216.0,85.58,2118.7454
2239.0,84.81,2111.8745
2252.0,84.32,2110.4485
2241.0,84.99,2114.46
2257.0,86.36,2120.6125
2288.0,86.2,2127.6018
2335.0,93.57,2135.3442
2319.0,98.1,2143.6855
2285.0,97.28,2153.8076
2288.0,97.88,2162.9568
2339.0,96.97,2169.943
2337.0,99.63,2173.934
2327.0,102.23,2175.41
2335.0,101.91,2174.961
2349.0,104.42,2175.9583
2362.0,105.44,2181.1042
2420.0,105.02,2187.141
2481.0,104.38,2194.3547
2465.0,102.7,2206.3918
2380.0,101.16,2222.2483
2349.0,101.19,2235.7815
2338.0,97.18,2238.8118
2440.0,97.98,2227.5254
2525.0,101.42,2213.2166
2550.0,101.07,2207.7947
2575.0,102.33,2218.8271
2536.0,104.0,2247.0107
2505.0,105.75,2280.2239
2505.0,105.6,2301.098
2540.0,105.4,2304.165
2505.0,103.98,2295.064
2505.0,104.79,2278.9717
2525.0,104.27,2266.6946
2525.0,106.72,2265.9124
2421.0,107.94,2270.8013
2339.0,108.47,2271.8206
2498.0,108.34,2262.1985
2472.0,108.83,2250.9177
2496.0,110.3,2242.1772
2468.0,112.79,2240.3718
2427.0,109.92,2248.6987
2431.0,106.25,2260.756
2496.0,107.11,2264.3633
2466.0,108.11,2262.7917
2462.0,109.66,2257.5237
2414.0,107.12,2253.6003
2428.0,108.15,2251.5083
2454.0,111.45,2249.9373
2408.0,112.29,2245.5615
2473.0,112.21,2240.553
2510.0,112.76,2240.4934
2531.0,112.86,2244.1873
2531.0,113.93,2255.193
2598.0,111.05,2269.9482
2564.0,109.24,2286.7314
2567.0,99.8,2302.8909
2590.0,97.18,2311.4805
2594.0,102.55,2313.3308
2567.0,103.88,2311.6484
2500.0,98.21,2307.8438
2505.0,98.97,2300.114
2520.0,99.65,2290.3076
2463.0,97.37,2280.4065
2480.0,96.91,2271.9404
2520.0,100.1,2264.108
2533.0,98.44,2263.4614
2534.0,99.49,2267.4805
2527.0,97.7,2275.6123
2540.0,99.59,2283.806
2571.0,101.32,2291.977
2581.0,100.23,2298.1252
2575.0,100.59,2300.7761
2575.0,102.7,2303.0188
2562.0,100.29,2305.3176
2471.0,100.4,2307.2078
2489.0,100.22,2300.4185
2404.0,99.01,2286.3467
2433.0,99.09,2266.9019
2444.0,100.74,2249.1936
2461.0,101.93,2236.101
2462.0,99.29,2233.2808
2423.0,97.3,2236.0571
2347.0,99.37,2245.3289
2387.0,94.81,2246.4768
2380.0,94.95,2241.9219
2302.0,93.01,2229.3164
2238.0,93.26,2211.2537
2258.0,93.4,2189.5928
2214.0,95.41,2170.521
2178.0,91.02,2151.2031
2282.0,91.16,2131.4014
2341.0,90.61,2121.3406
2455.0,92.89,2123.287
2439.0,94.77,2137.2903
2453.0,95.42,2163.6794
2427.0,94.94,2198.0544
2423.0,96.89,2228.2712
2424.0,96.65,2247.5134
2423.0,98.67,2251.2732
2397.0,96.2,2239.2732
2314.0,95.15,2224.0803
2241.0,97.43,2209.234
2281.0,98.05,2190.097
2261.0,95.69,2170.6
2231.0,97.24,2153.8025
2208.0,95.93,2140.0686
2120.0,97.5,2132.6694
2073.0,98.14,2123.4854
1960.0,99.13,2106.2427
2029.0,99.87,2078.5989
2105.0,99.2,2042.276
2128.0,99.59,2013.2625
2082.0,97.4,2007.1936
2039.0,97.44,2020.8054
2039.0,95.7,2034.5767
2102.0,94.89,2044.3322
2120.0,93.79,2048.4963
2094.0,91.93,2045.6584
2045.0,86.63,2042.129
2062.0,86.88,2040.2402
2050.0,81.31,2038.297
2098.0,79.3,2033.2025
2133.0,82.89,2026.8158
2190.0,85.72,2027.444
2248.0,85.38,2035.8094
2296.0,87.88,2051.7651
2314.0,86.65,2074.6716
2350.0,87.58,2102.4739
2275.0,82.38,2131.8857
2270.0,82.26,2156.7703
2316.0,84.12,2168.6396
2377.0,85.44,2168.2737
2365.0,85.16,2166.5916
2345.0,85.3,2168.9683
2340.0,85.37,2175.8057
2325.0,88.9,2184.4795
2298.0,88.81,2190.378
2295.0,88.93,2190.3674
2241.0,86.45,2181.9753
2133.0,86.02,2166.9985
2134.0,89.34,2144.7144
2189.0,89.05,2117.8457
2128.0,87.24,2095.954
2147.0,88.19,2081.5278
2101.0,90.21,2075.7744
2050.0,88.91,2072.8452
2012.0,89.4,2068.058
2073.0,87.96,2056.5847
2095.0,85.7,2043.6046
2104.0,86.89,2029.9774
2025.0,85.92,2025.1387
1992.0,80.51,2026.8079
1917.0,79.85,2029.1068
1923.0,80.24,2016.6945
1956.0,84.45,1985.2666
1955.0,81.21,1944.1886
1964.0,82.14,1916.2001
1964.0,79.2,1913.4368
1929.0,77.61,1920.3966
1990.0,79.68,1930.6158
2025.0,82.59,1943.8938
1955.0,82.98,1959.4158
1952.0,85.41,1969.2319
1890.0,85.81,1972.567
1926.0,85.57,1959.4613
1983.0,84.23,1938.2252
1935.0,86.38,1923.0431
1886.0,88.34,1915.8557
1872.0,86.11,1911.5394
1814.0,85.3,1904.0741
1868.0,87.4,1888.672
1890.0,91.27,1869.2692
1831.0,93.17,1851.2609
1833.0,90.2,1837.9359
1864.0,93.96,1829.2394
1857.0,93.32,1829.9187
1779.0,93.19,1834.4622
1835.0,92.19,1833.8914
1819.0,92.51,1827.2004
1795.0,94.07,1818.4468
1763.0,94.26,1809.3274
1793.0,95.52,1792.61
1799.0,96.8,1779.1307
1791.0,95.74,1771.1775
1780.0,97.78,1767.5645
1802.0,98.99,1765.6544
1842.0,98.14,1767.283
1844.0,99.37,1777.2495
1822.0,102.59,1793.4254
1814.0,98.82,1811.6488
1839.0,97.41,1825.1677
1830.0,96.92,1833.1866
1837.0,98.01,1832.5696
1884.0,96.17,1828.3319
1890.0,96.77,1833.7589
1913.0,98.21,1847.2396
1944.0,99.79,1867.3043
1944.0,100.36,1893.0309
1993.0,100.2,1916.3262
1955.0,100.96,1941.9883
2010.0,101.28,1960.1249
1953.0,100.49,1971.5979
1910.0,98.34,1976.4808
1926.0,99.41,1969.9261
1885.0,97.77,1952.338
1900.0,100.14,1925.9623
1871.0,94.95,1905.313
1861.0,93.87,1883.3092
1853.0,93.53,1864.7512
1834.0,93.88,1849.1705
1847.0,97.22,1838.456
1823.0,98.67,1829.3376
1807.0,99.53,1822.8115
1783.0,99.68,1815.2085
1777.0,99.36,1803.9271
1767.0,99.65,1787.4915
1766.0,98.83,1772.8191
1800.0,102.96,1761.7272
1796.0,103.22,1756.0892
1758.0,101.81,1757.2451
1704.0,101.56,1759.766
1741.0,101.31,1755.7797
1781.0,102.24,1746.944
1816.0,100.87,1741.8298
1865.0,99.1,1743.2998
1817.0,98.7,1755.4741
1830.0,100.71,1777.1968
1834.0,100.59,1809.8265
1863.0,100.39,1835.7483
1917.0,98.46,1852.2949
1876.0,99.58,1864.8567
1876.0,98.95,1873.4581
1877.0,99.4,1878.0052
1862.0,99.7,1882.9501
1860.0,99.56,1884.0726
1838.0,98.78,1881.5333
1838.0,98.48,1872.9296
1819.0,97.61,1861.5825
1800.0,96.36,1843.9952
1837.0,97.84,1822.2582
1831.0,96.91,1809.1982
1861.0,98.41,1803.7878
1878.0,98.71,1809.3271
1950.0,99.84,1826.258
1994.0,98.67,1856.0946
2074.0,100.91,1894.9823
2110.0,100.74,1930.2238
2143.0,101.8,1965.2073
2167.0,102.31,1999.5431
2094.0,103.24,2029.7859
1973.0,105.84,2051.4348
1948.0,106.28,2056.5442
2018.0,107.83,2046.2239
2057.0,109.77,2022.4907
2017.0,108.84,1994.44
2019.0,106.7,1981.1494
1952.0,104.7,1985.4928
2028.0,106.16,1991.8053
2088.0,106.58,1997.0497
2050.0,107.4,2002.3368
1982.0,106.34,2006.1631
1965.0,106.71,2007.8749
1996.0,105.43,2007.2303
2027.0,105.11,2001.249
2033.0,107.06,1984.5183
2020.0,108.09,1980.694
2031.0,105.61,1986.9038
2021.0,107.27,1995.2096
2013.0,106.87,2000.5344
2049.0,107.33,2005.3214
2048.0,105.41,2007.1195
2031.0,102.78,2007.6552
2031.0,103.02,2006.2012
2036.0,105.23,2006.2993
2025.0,104.01,2007.8971
1991.0,101.47,2008.5183
1987.0,103.31,2005.8318
1975.0,101.02,1997.9095
1996.0,103.64,1984.2263
1998.0,102.83,1972.7029
1992.0,102.93,1968.3976
2019.0,102.67,1971.7001
2010.0,102.27,1977.8154
2033.0,103.05,1985.3615
2025.0,103.11,1992.4973
2025.0,103.55,1997.3561
1984.0,104.55,2000.7323
1964.0,104.93,2001.7737
1961.0,104.87,1996.0372
1942.0,106.16,1977.6613
1953.0,105.22,1955.476
1951.0,102.54,1938.8053
1995.0,98.49,1930.572
2019.0,97.01,1932.5687
2022.0,96.81,1948.1666
2080.0,97.08,1966.6216
2100.0,96.13,1982.9506
2116.0,94.78,2001.4668
2127.0,93.98,2018.528
2152.0,92.81,2033.2715
2163.0,92.56,2045.7009
2185.0,91.48,2057.2102
2131.0,92.57,2071.211
2165.0,91.66,2079.2698
2158.0,89.9,2083.4414
2200.0,90.66,2085.0085
2215.0,90.86,2085.3933
2237.0,90.76,2087.2126
2211.0,87.82,2094.004
2211.0,86.53,2103.2607
2158.0,83.23,2112.1802
2158.0,84.29,2116.0217
2174.0,85.02,2112.7385
2123.0,84.82,2102.906
2074.0,84.1,2087.753
2062.0,82.7,2073.3801
2062.0,83.32,2060.8386
2090.0,82.62,2046.9728
2093.0,83.91,2034.4175
2095.0,84.03,2029.6337
2066.0,83.27,2033.1663
2082.0,84.03,2036.7734
2062.0,81.8,2040.3239
2059.0,78.2,2041.5481
2016.0,79.76,2038.4619
2012.0,79.21,2030.3943
2042.0,79.36,2016.4025
2062.0,80.21,2003.8339
2054.0,77.69,1999.3578
2103.0,84.96,2001.9146
2095.0,83.75,2009.5298
2111.0,87.66,2020.6085
2065.0,87.22,2032.2957
2044.0,84.45,2040.9731
2033.0,85.99,2043.5676
2012.0,83.91,2040.5236
2020.0,85.81,2023.9651
2012.0,86.08,2004.0168
2062.0,87.1,1989.6193
2088.0,88.43,1987.7399
2082.0,89.22,1996.6685
2110.0,89.87,2007.9438
2168.0,92.66,2021.7401
2165.0,91.44,2038.3491
2150.0,88.14,2053.651
2141.0,88.5,2066.3389
2132.0,88.97,2076.7034
2192.0,89.39,2080.9753
2229.0,90.13,2083.1052
2223.0,89.78,2085.1155
2223.0,88.06,2089.2417
2212.0,88.91,2099.156
2229.0,87.13,2110.2188
2224.0,91.4,2119.108
2228.0,92.2,2124.3623
2199.0,93.67,2125.946
2179.0,93.35,2122.3406
2166.0,93.36,2116.324
2167.0,92.87,2108.7346
2130.0,92.73,2099.9927
2070.0,93.43,2090.2898
2049.0,94.33,2078.4019
2064.0,95.6,2064.662
2063.0,96.01,2048.772
2065.0,95.97,2033.0244
2072.0,96.68,2024.6863
2043.0,97.26,2024.8154
2018.0,96.15,2026.6819
2057.0,95.47,2025.82
2034.0,96.33,2025.2323
2034.0,95.49,2021.219
2024.0,94.62,2015.8333
2038.0,96.47,2010.9521
2045.0,95.3,2008.1852
2019.0,95.36,2006.6362
2012.0,95.53,2006.519
2049.0,96.42,2007.1102
2059.0,96.54,2006.1327
2049.0,97.17,2005.4227
2050.0,97.01,2006.943
2059.0,98.31,2010.5093
2060.0,99.0,2015.417
2041.0,96.62,2019.422
2010.0,91.98,2018.8315
2041.0,91.87,2015.921
2083.0,92.89,2011.9122
2084.0,91.93,2007.9686
2144.0,91.37,2008.669
2130.0,89.98,2018.5933
2188.0,91.85,2033.0697
2188.0,92.19,2049.567
2179.0,92.48,2066.153
2200.0,91.89,2081.852
2180.0,88.14,2094.2952
2152.0,91.71,2101.5183
2095.0,89.88,2102.1829
2064.0,89.33,2093.9514
2066.0,92.39,2076.4446
2098.0,91.25,2056.8428
2076.0,92.07,2039.6813
2052.0,91.86,2032.4396
2036.0,91.85,2030.3541
2039.0,92.09,2030.0275
2032.0,92.12,2027.6797
2021.0,92.1,2023.0275
2063.0,90.05,2016.7592
2058.0,88.73,2011.4221
2035.0,86.67,2009.2418
2039.0,85.73,2010.5808
2029.0,86.05,2012.8405
1996.0,86.28,2013.8374
1989.0,85.54,2011.389
1955.0,85.68,2001.3871
1940.0,86.24,1980.6501
1958.0,87.09,1958.434
1952.0,84.86,1938.8401
1927.0,85.65,1929.6451
1903.0,88.71,1923.1075
1903.0,84.44,1917.8961
1943.0,85.09,1911.82
1944.0,86.07,1906.1434
1951.0,85.57,1906.8228
1877.0,85.38,1915.1641
1875.0,86.32,1917.6052
1893.0,85.45,1912.3304
1899.0,86.67,1901.5881
1896.0,89.28,1891.9977
1862.0,86.75,1884.8884
1850.0,87.38,1876.6746
1850.0,88.28,1868.1044
1839.0,87.74,1858.7258
1906.0,87.18,1849.9049
1930.0,86.49,1848.6998
1933.0,88.07,1860.1976
1933.0,88.91,1880.2078
1907.0,89.09,1902.7817
1877.0,88.5,1921.0604
1881.0,87.88,1929.3031
1905.0,86.26,1921.5309
1896.0,85.93,1906.697
1874.0,85.56,1892.6007
1888.0,85.79,1879.1316
1897.0,86.77,1873.517
1929.0,85.89,1875.0237
1908.0,86.73,1883.1278
1863.0,87.2,1894.1456
1847.0,87.93,1899.3108
1877.0,89.51,1894.559
1918.0,90.13,1883.3787
1933.0,88.66,1877.7062
1954.0,88.61,1880.7906
1906.0,90.98,1893.8557
1960.0,90.87,1910.7821
1961.0,90.8,1927.1356
1963.0,91.82,1942.8481
1988.0,93.12,1953.1466
1995.0,92.92,1957.999
1997.0,93.09,1961.6879
2013.0,93.19,1966.5144
1965.0,93.15,1974.8242
1961.0,93.1,1980.1876
1968.0,93.82,1977.2677
1994.0,93.56,1966.2957
2021.0,94.14,1954.5007
1998.0,93.28,1954.9342
2028.0,95.49,1962.5706
2026.0,95.56,1976.7712
1988.0,96.24,1987.3972
2012.0,95.23,1994.6184
1996.0,95.95,1997.572
1987.0,95.88,1994.323
1990.0,96.44,1983.0033
1986.0,97.57,1972.6138
2018.0,97.94,1967.7544
2018.0,97.49,1969.6919
2049.0,97.77,1976.7639
2036.0,96.17,1985.7102
2066.0,96.64,1994.4235
2069.0,96.62,2003.004
2098.0,95.83,2011.5062
2123.0,95.72,2018.594
2078.0,97.03,2026.1781
2070.0,97.51,2033.6842
2066.0,97.01,2040.1218
2030.0,97.31,2043.2834
2022.0,95.86,2038.3815
2021.0,94.46,2023.564
2030.0,92.84,2008.1753
2048.0,93.13,1998.5057
2035.0,93.11,1996.3647
2040.0,92.63,2000.1874
2051.0,92.76,2004.5198
2058.0,92.05,2009.9037
2072.0,90.68,2014.6588
2071.0,90.12,2018.0619
2050.0,90.82,2020.1235
2085.0,90.43,2022.3583
2123.0,91.56,2024.0857
2151.0,91.95,2027.5638
2136.0,92.06,2034.9061
2161.0,92.54,2045.6586
2163.0,92.52,2058.402
2130.0,93.03,2070.7844
2159.0,93.45,2078.485
2145.0,93.74,2083.0244
2124.0,92.16,2083.472
2105.0,92.96,2079.0889
2112.0,92.45,2071.757
2095.0,93.71,2064.449
2074.0,94.81,2057.7058
2057.0,96.34,2052.607
2023.0,96.58,2046.2031
2023.0,97.23,2036.7333
2020.0,97.19,2025.0483
2047.0,94.45,2013.7365
2015.0,93.26,2006.3176
2011.0,92.7,2002.8944
1992.0,94.2,2002.4694
1987.0,94.64,2001.3306
2030.0,91.29,1997.5968
2024.0,88.71,1992.8967
2030.0,88.72,1989.46
2034.0,86.68,1990.4797
2043.0,87.73,1994.4304
2056.0,88.01,1999.4976
2060.0,88.76,2005.4757
1979.0,89.18,2009.8207
1952.0,91.43,2009.206
1944.0,93.64,2002.5034
1961.0,93.0,1979.4622
1961.0,94.5,1952.7637
1965.0,93.46,1932.7415
1964.0,91.03,1927.7787
1983.0,93.99,1931.4609
1980.0,95.61,1942.7325
1960.0,95.62,1957.1985
1955.0,96.62,1967.4
1992.0,96.39,1971.5946
1981.0,96.04,1969.2004
2027.0,94.3,1962.9678
2016.0,95.16,1964.4238
1980.0,96.71,1972.3097
1971.0,96.16,1981.085
1966.0,94.28,1987.1628
1954.0,94.25,1981.5809
1922.0,94.15,1965.6638
1890.0,95.01,1943.7678
1860.0,93.13,1923.3872
1844.0,93.61,1901.0872
1844.0,91.97,1873.8942
1884.0,93.45,1845.7872
1876.0,93.31,1828.6338
1852.0,93.74,1827.8191
1862.0,94.76,1835.6979
1848.0,96.03,1845.801
1845.0,95.77,1852.8062
1798.0,95.38,1856.0012
1747.0,95.88,1849.1201
1705.0,96.69,1829.6088
1739.0,97.85,1795.5747
1738.0,97.77,1760.8934
1744.0,98.44,1738.4121
1779.0,98.24,1726.9415
1721.0,95.4,1726.5535
1735.0,93.69,1728.1633
1749.0,95.18,1729.7322
1732.0,95.32,1730.3909
1707.0,95.5,1730.3406
1729.0,97.05,1728.0693
1731.0,96.56,1725.6366
1755.0,97.99,1722.8442
1805.0,99.6,1722.1865
1794.0,101.24,1725.6387
1790.0,101.4,1736.3644
1787.0,103.22,1751.136
1802.0,103.14,1766.5814
1839.0,103.53,1780.3862
1859.0,106.52,1789.0117
1855.0,104.91,1802.3014
1855.0,105.95,1816.9174
1884.0,106.32,1835.083
1926.0,106.0,1855.5663
1945.0,106.48,1878.1431
1945.0,108.04,1899.7324
1943.0,108.05,1919.4962
1918.0,106.91,1938.4021
1905.0,107.23,1947.6661
1870.0,105.39,1945.4221
1883.0,105.49,1929.2113
1896.0,104.7,1909.2743
1864.0,104.55,1890.777
1842.0,103.08,1873.2205
1842.0,105.03,1859.7335
1865.0,107.89,1850.4006
1881.0,106.94,1844.6439
1902.0,106.56,1847.7291
1881.0,105.3,1859.1935
1902.0,104.37,1874.438
1924.0,103.4,1889.2665
1963.0,105.97,1902.7979
1974.0,106.11,1916.5619
1932.0,106.83,1934.3573
1959.0,106.85,1948.9695
1952.0,107.33,1957.6721
1913.0,107.46,1959.5032
1879.0,107.1,1952.2047
1858.0,104.96,1934.3545
1827.0,103.85,1911.7202
1781.0,105.03,1884.9645
1741.0,106.42,1844.5497
1751.0,109.01,1795.0253
1734.0,110.1,1761.1188
1730.0,108.8,1740.0697
1749.0,107.65,1727.4146
1733.0,106.75,1724.479
1762.0,108.54,1724.1979
1762.0,107.23,1726.0051
1735.0,108.37,1729.9562
1740.0,110.53,1735.9392
1728.0,109.52,1739.9105
1720.0,107.39,1739.0725
1747.0,107.56,1734.1307
1728.0,108.6,1728.9061
1717.0,108.21,1726.7092
1700.0,106.59,1725.6495
1656.0,105.42,1723.8102
1650.0,108.07,1720.3313
1657.0,106.39,1714.1758
1651.0,104.68,1705.7965
1661.0,103.59,1697.653
1685.0,103.13,1690.2317
1680.0,102.66,1687.0239
1634.0,103.03,1687.4641
1582.0,102.87,1689.2411
1582.0,102.33,1686.5123
1636.0,102.04,1677.7249
1669.0,104.1,1665.4106
1703.0,103.31,1655.7666
1709.0,103.84,1654.3634
1709.0,103.03,1663.6133
1696.0,103.49,1679.0692
1722.0,101.61,1695.2017
1736.0,103.01,1708.9492
1733.0,102.02,1717.7821
1734.0,102.41,1721.1935
1679.0,101.21,1721.955
1655.0,102.29,1719.8618
1639.0,100.67,1715.4297
1631.0,100.81,1709.3713
1602.0,99.22,1700.7094
1606.0,97.8,1688.4459
1613.0,96.86,1673.8179
1599.0,97.11,1657.9296
1559.0,97.85,1642.5381
1499.0,98.68,1627.5098
1486.0,98.2,1609.724
1488.0,96.77,1589.1909
1460.0,96.38,1567.9191
1475.0,94.61,1550.8861
1479.0,94.62,1538.9619
1467.0,93.37,1529.8861
1444.0,94.8,1524.1646
1450.0,94.2,1518.6726
1466.0,94.6,1513.4421
1488.0,95.14,1508.3951
1485.0,93.04,1504.1499
1455.0,93.88,1501.1201
1437.0,93.76,1498.921
1506.0,93.84,1496.9856
1559.0,93.03,1496.7064
1556.0,93.34,1498.4103
1567.0,93.33,1501.2905
1587.0,95.44,1505.4713
1564.0,94.84,1511.0416
1554.0,94.09,1517.1815
1581.0,93.68,1523.6268
1601.0,92.3,1530.0103
1623.0,92.28,1535.788
1623.0,92.72,1544.9185
1658.0,93.82,1555.9601
1733.0,96.04,1575.5282
1697.0,97.2,1600.9
1686.0,97.38,1631.4103
1721.0,97.65,1664.9559
1769.0,97.34,1689.8594
1849.0,98.51,1707.4384
1790.0,97.44,1721.8395
1821.0,97.5,1735.2302
1816.0,96.6,1755.3405
1771.0,97.48,1776.5436
1718.0,97.22,1793.4197
1705.0,97.8,1793.3834
1690.0,98.77,1774.6953
1704.0,99.32,1751.6342
1700.0,98.91,1730.431
1694.0,99.22,1720.4097
1693.0,99.55,1713.5625
1710.0,100.32,1710.3352
1696.0,99.29,1709.6699
1685.0,98.42,1710.6411
1679.0,98.7,1710.7455
1625.0,95.44,1710.17
1660.0,93.96,1704.9576
1707.0,93.43,1696.7717
1728.0,93.67,1690.2758
1725.0,92.33,1690.6566
1743.0,91.66,1697.213
1757.0,92.72,1707.0841
1751.0,91.8,1716.982
1744.0,92.59,1724.8617
1720.0,94.17,1730.4598
1749.0,93.96,1733.1664
1725.0,94.37,1730.3376
1715.0,93.93,1726.5471
1717.0,94.99,1722.5469
1696.0,96.73,1719.1969
1720.0,97.32,1717.678
1725.0,96.64,1716.5538
1736.0,95.72,1716.075
1738.0,97.41,1717.1299
1761.0,97.36,1719.5527
1819.0,98.23,1723.194
1819.0,97.49,1729.3473
1867.0,96.43,1744.7195
1809.0,97.19,1768.2917
1857.0,97.38,1802.0095
1860.0,97.84,1830.3866
1776.0,99.88,1849.7627
1796.0,100.06,1851.1565
1813.0,99.94,1838.2179
1822.0,100.37,1818.932
1824.0,100.35,1803.1086
1810.0,100.3,1795.204
1825.0,100.58,1794.9019
1881.0,102.43,1800.1069
1982.0,103.31,1814.4176
1975.0,102.92,1846.4365
1981.0,102.2,1889.2102
2024.0,102.82,1925.5526
2038.0,101.83,1957.0773
2021.0,102.59,1980.2206
2099.0,102.4,1995.6755
2118.0,102.59,2007.7008
2155.0,104.92,2017.1102
2111.0,103.33,2027.7992
2113.0,101.45,2038.8221
2134.0,101.56,2050.5872
2157.0,102.58,2061.5046
2196.0,101.12,2068.8474
2245.0,100.03,2073.6382
2251.0,97.99,2079.5422
2245.0,98.2,2091.8237
2241.0,98.89,2107.8535
2225.0,98.08,2123.8398
2201.0,99.7,2134.1936
2150.0,100.37,2136.6487
2097.0,99.43,2127.2217
2099.0,99.46,2104.6797
2148.0,99.6,2080.4502
2139.0,99.19,2064.966
2145.0,100.26,2057.8682
2143.0,101.28,2059.5317
2154.0,101.67,2066.0312
2154.0,101.58,2074.349
2024.0,99.74,2080.6409
2020.0,99.62,2079.5452
2016.0,100.29,2067.5774
2085.0,101.14,2044.9912
2124.0,100.44,2018.5344
2174.0,102.56,2013.0062
2141.0,103.6,2022.5002
2162.0,103.4,2040.4114
2141.0,103.74,2061.1592
2132.0,104.05,2078.6843
2121.0,103.75,2088.2703
2064.0,103.76,2088.9707
2118.0,104.3,2078.892
2146.0,102.13,2062.1206
2152.0,101.44,2051.6526
2152.0,101.94,2051.507
2136.0,100.6,2058.7163
2120.0,100.84,2068.9397
2130.0,101.28,2075.622
2167.0,99.74,2077.933
2178.0,99.42,2077.1826
2149.0,99.76,2076.6357
2149.0,99.48,2076.2383
2152.0,99.5,2079.2534
2148.0,100.77,2082.02
2136.0,100.26,2082.9756
2098.0,99.99,2082.2383
2135.0,100.59,2076.794
2096.0,101.7,2069.9343
2095.0,102.37,2063.3337
2138.0,101.5,2057.808
2051.0,102.02,2055.2922
2042.0,102.61,2053.1797
2041.0,102.44,2049.438
1992.0,104.07,2041.2465
1999.0,104.35,2026.6077
1999.0,104.28,2009.0109
1965.0,104.11,1991.7814
1906.0,102.72,1979.5322
1948.0,103.58,1961.4335
1948.0,102.71,1944.7737
1933.0,102.47,1933.4421
1895.0,102.66,1927.0779
1897.0,102.64,1922.5697
1899.0,102.48,1916.2715
1906.0,102.66,1904.5332
1883.0,104.41,1897.3652
1875.0,104.35,1893.0609
1944.0,104.4,1888.1024
1957.0,106.53,1889.5854
1983.0,106.91,1900.5817
1983.0,106.9,1920.7449
1956.0,106.36,1945.5752
1974.0,105.97,1964.8407
1959.0,106.43,1976.6412
1990.0,107.26,1980.7332
1967.0,106.17,1973.9274
1954.0,106.03,1962.513
1994.0,106.5,1953.4615
2026.0,105.74,1952.7743
1998.0,105.37,1960.2816
2047.0,104.48,1972.5924
2065.0,104.06,1983.5304
2053.0,103.76,1993.0942
2038.0,103.53,2003.8075
2065.0,103.4,2010.2181
2058.0,102.29,2014.6333
2012.0,102.93,2016.141
2026.0,100.91,2013.5117
2025.0,99.96,2010.4415
2012.0,101.2,2003.6432
2025.0,104.59,1997.3065
1998.0,104.42,1995.1033
1999.0,103.12,1994.8428
2041.0,102.07,1994.0135
2024.0,102.09,1994.7421
2036.0,101.67,1996.0625
2034.0,100.97,1998.9047
2047.0,100.27,2002.125
2047.0,98.17,2006.5642
2097.0,97.88,2009.7075
1992.0,96.92,2012.991
1968.0,97.34,2014.1067
1948.0,97.65,2010.7948
1986.0,98.08,1995.4274
1964.0,97.37,1969.9272
1965.0,97.59,1947.9773
1945.0,95.58,1938.8854
1951.0,97.35,1937.2477
1950.0,96.41,1939.0112
1941.0,94.48,1941.6064
1964.0,96.07,1942.8802
1982.0,93.96,1944.4764
1986.0,93.65,1947.2012
1986.0,93.35,1953.0858
2030.0,93.88,1960.3601
2036.0,94.55,1971.2433
2033.0,95.96,1982.1934
2059.0,95.83,1990.4308
2090.0,92.88,1998.0419
2048.0,95.54,2006.0947
2069.0,94.45,2012.3772
2061.0,93.29,2016.1476
2051.0,92.66,2018.5558
2046.0,92.75,2019.9696
1996.0,91.67,2018.9645
1970.0,92.83,2012.2323
1975.0,92.27,1997.7473
1955.0,92.92,1979.44
1964.0,94.88,1960.0237
1956.0,94.42,1943.4845
1966.0,93.07,1937.1558
1930.0,92.41,1938.147
1930.0,91.52,1939.1333
1930.0,91.56,1938.2545
1973.0,92.8,1933.9327
1948.0,92.53,1930.3582
1959.0,93.54,1931.9583
1968.0,94.57,1936.1727
1968.0,91.16,1942.5472
2054.0,90.73,1951.239
2053.0,91.01,1963.6311
2080.0,89.74,1975.4459
2165.0,90.34,1987.8175
2176.0,88.85,2006.4894
2151.0,87.31,2026.4689
2181.0,85.77,2046.5143
2159.0,85.82,2064.7366
2169.0,85.74,2079.32
2155.0,81.84,2088.2388
2155.0,81.78,2089.9548
2154.0,82.7,2086.1577
2117.0,82.75,2080.7566
2049.0,82.71,2075.4749
2046.0,82.81,2067.1382
2025.0,80.52,2055.006
2027.0,81.01,2034.8696
2012.0,81.0,2014.8538
2022.0,81.42,1998.3918
2042.0,82.2,1990.8873
2036.0,81.12,1992.5441
2048.0,80.54,1996.7527
2073.0,78.78,2002.1627
2039.0,77.19,2010.0922
2026.0,78.68,2015.1716
2018.0,78.65,2016.6565
2022.0,77.4,2012.8729
2031.0,77.94,2005.4846
2038.0,77.18,1996.5627
2075.0,74.21,1993.1434
2074.0,75.82,1997.3025
2065.0,75.64,2003.1991
2068.0,74.61,2012.2012
2088.0,74.58,2020.112
2075.0,75.58,2025.7593
2076.0,76.51,2028.9993
2097.0,75.78,2030.0443
2095.0,74.09,2031.6959
2095.0,73.69,2033.3438
2096.0,68.55,2036.3721
2096.0,66.15,2039.5029
2063.0,69.0,2042.1498
2034.0,66.88,2042.467
2051.0,67.38,2037.7164
2048.0,66.81,2027.1759
2038.0,65.84,2016.3074
2014.0,63.05,2010.0758
1994.0,63.82,2004.7335
1975.0,60.94,1998.6973
1938.0,59.95,1987.2479
1944.0,57.81,1967.8042
1936.0,55.91,1945.8594
1937.0,55.93,1927.4237
1915.0,56.47,1913.5842
1912.0,54.11,1903.9805
1896.0,56.52,1898.2747
1854.0,55.26,1893.0475
1872.0,57.12,1882.8231
1864.0,55.84,1870.941
1864.0,54.73,1858.4792
1835.0,53.61,1847.9913
1871.0,54.12,1837.6193
1893.0,53.27,1833.854
1838.0,52.69,1837.2164
1889.0,50.04,1841.2799
1934.0,47.93,1847.9921
1961.0,48.65,1860.6511
1935.0,48.79,1880.9426
1933.0,48.36,1900.5961
1953.0,46.07,1916.141
1942.0,45.89,1928.0399
1968.0,48.48,1932.4652
1973.0,46.25,1931.6091
1941.0,48.69,1932.1062
1939.0,47.78,1931.3745
1918.0,46.39,1930.3945
1917.0,47.78,1925.4609
1913.0,46.31,1918.3335
1903.0,45.59,1909.4459
1924.0,45.15,1900.6573
1959.0,46.23,1893.9187
1963.0,44.45,1895.2008
1921.0,44.53,1904.3599
1921.0,48.24,1914.3086
1917.0,49.57,1920.014
1907.0,53.05,1918.6132
1931.0,48.45,1912.9713
1922.0,50.48,1906.4469
1933.0,51.69,1901.5364
1944.0,52.86,1901.3912
1937.0,50.02,1905.5765
1942.0,48.84,1911.5815
1988.0,51.21,1917.1692
2041.0,53.61,1924.3276
1993.0,53.53,1939.7223
1975.0,52.14,1955.6152
1957.0,51.16,1967.5728
1942.0,50.34,1972.9491
1915.0,49.45,1966.2053
1884.0,49.28,1947.9077
1850.0,50.99,1923.5774
1834.0,48.17,1898.0845
1871.0,49.76,1867.5542
1867.0,49.59,1840.1743
1858.0,50.52,1822.8906
1834.0,51.53,1817.6266
1840.0,50.76,1817.6051
1847.0,49.61,1818.7849
1848.0,50.0,1820.7701
1831.0,48.29,1823.6082
1803.0,48.17,1823.8977
1751.0,47.05,1819.5737
1686.0,44.84,1807.9292
1739.0,43.88,1783.5935
1754.0,43.46,1758.7979
1795.0,44.66,1740.1486
1791.0,43.96,1731.2585
1796.0,45.72,1732.0177
1813.0,47.45,1737.8894
1793.0,47.51,1746.9337
1791.0,49.21,1757.495
1791.0,51.43,1764.53
1763.0,48.87,1766.4879
1697.0,48.68,1762.4626
1697.0,47.6,1752.0461
1750.0,50.09,1737.8093
1778.0,49.14,1726.7172
1778.0,52.14,1724.0911
1806.0,53.98,1724.1631
1790.0,50.42,1728.5981
1791.0,50.79,1739.3685
1813.0,51.64,1749.5396
1789.0,51.91,1759.553
1793.0,53.29,1763.7479
1794.0,56.39,1763.8416
1796.0,56.71,1760.9539
1799.0,55.74,1757.5403
1804.0,56.38,1755.2096
1801.0,55.26,1759.0399
1820.0,56.16,1763.0782
1811.0,57.74,1766.9038
1795.0,57.15,1771.1766
1730.0,56.99,1775.2955
1741.0,57.06,1770.0433
1739.0,58.58,1762.2798
1752.0,59.63,1750.0024
1732.0,59.15,1738.7051
1732.0,58.93,1729.1283
1735.0,60.4,1725.3505
1692.0,60.93,1723.5336
1678.0,58.94,1721.0526
1717.0,59.39,1716.9
1701.0,59.25,1712.41
1688.0,60.75,1708.3593
1681.0,60.5,1704.2332
1704.0,59.88,1700.245
1701.0,59.69,1697.0095
1728.0,59.43,1697.3308
1709.0,57.26,1698.8751
1687.0,58.98,1701.1226
1644.0,60.72,1701.9624
1589.0,59.72,1700.1118
1589.0,59.85,1693.0259
1537.0,58.03,1679.1536
1580.0,57.51,1658.821
1584.0,57.68,1633.3082
1584.0,60.3,1608.7596
1699.0,60.2,1591.8052
1740.0,61.26,1588.1637
1740.0,59.64,1595.2467
1752.0,58.0,1615.224
1746.0,59.13,1649.8789
1740.0,58.14,1682.5249
1752.0,60.14,1705.2523
1757.0,61.43,1718.6636
1727.0,60.77,1724.7052
1733.0,59.96,1724.8744
1734.0,59.52,1721.3828
1754.0,59.97,1717.5178
1750.0,59.92,1715.632
1780.0,60.45,1717.0491
1773.0,59.61,1721.6846
1802.0,59.68,1725.575
1755.0,61.01,1731.3788
1818.0,60.27,1738.8713
1799.0,59.7,1745.2839
1818.0,59.63,1751.1711
1792.0,58.33,1757.2426
1784.0,59.47,1760.7428
1771.0,56.96,1761.7764
1745.0,56.93,1761.439
1748.0,55.52,1757.2203
1711.0,52.53,1749.163
1711.0,52.33,1738.9266
1725.0,51.65,1727.9099
1728.0,52.78,1722.389
1723.0,52.74,1718.4677
1738.0,52.2,1715.9132
1742.0,53.04,1715.4297
1725.0,51.41,1716.5825
1705.0,50.91,1717.6816
1675.0,50.89,1717.0712
1678.0,50.15,1713.8907
1664.0,50.36,1707.8884
1681.0,49.19,1699.9072
1661.0,48.45,1692.2366
1650.0,48.14,1683.9138
1627.0,47.39,1677.1869
1626.0,47.98,1670.7178
1638.0,48.79,1662.4579
1648.0,48.52,1653.9404
1638.0,47.12,1646.6866
1645.0,45.17,1639.7386
1658.0,45.74,1634.8998
1671.0,45.15,1634.6299
1659.0,44.66,1637.417
1681.0,43.87,1642.9255
1711.0,44.96,1648.5764
1740.0,43.08,1656.9023
1715.0,43.3,1667.0775
1719.0,42.23,1678.787
1726.0,42.5,1689.027
1715.0,41.87,1697.4617
1722.0,42.62,1702.8237
1683.0,40.8,1705.3447
1665.0,41.14,1704.026
1642.0,40.45,1699.1812
1627.0,38.24,1692.0645
1615.0,39.31,1682.4564
1615.0,38.6,1669.5989
1641.0,42.56,1655.4133
1611.0,45.22,1643.1312
1611.0,49.2,1632.9319
1603.0,45.41,1624.2771
1581.0,46.25,1617.494
1590.0,46.75,1608.5809
1599.0,46.05,1600.5365
1581.0,44.7,1592.2222
1592.0,45.94,1584.0387
1604.0,44.15,1577.6412
1566.0,45.92,1571.9279
1552.0,44.63,1568.2402
1587.0,44.0,1563.9175
1576.0,44.59,1560.21
1581.0,47.15,1556.9828
1564.0,46.9,1554.4069
1556.0,44.68,1551.7562
1533.0,46.68,1548.6553
1511.0,45.83,1546.8055
1540.0,44.48,1544.1981
1566.0,44.91,1540.4149
1596.0,45.7,1536.3253
1548.0,44.43,1533.2823
1576.0,45.23,1532.5756
1557.0,45.09,1532.9089
1565.0,44.74,1533.9426
1583.0,45.54,1534.9521
1622.0,46.26,1535.7644
1614.0,48.53,1537.5923
1573.0,47.81,1541.2501
1596.0,49.43,1544.615
1634.0,49.63,1548.0289
1637.0,47.1,1555.2184
1619.0,46.66,1564.6495
1638.0,46.64,1576.675
1661.0,46.38,1585.8613
1619.0,47.26,1593.9751
1600.0,45.89,1603.8612
1585.0,45.55,1611.0482
1577.0,45.2,1612.2628
1586.0,45.38,1606.3691
1558.0,44.6,1596.7743
1553.0,43.98,1586.049
1559.0,43.2,1573.622
1577.0,45.94,1561.4612
1605.0,46.06,1556.0408
1643.0,46.59,1552.363
1629.0,46.14,1551.7467
1645.0,47.9,1554.4637
1670.0,46.32,1559.4366
1669.0,45.2,1571.7258
1604.0,44.29,1589.1278
1625.0,43.87,1606.2286
1628.0,44.21,1620.5642
1632.0,42.93,1625.9438
1609.0,41.75,1625.0892
1552.0,40.74,1619.0302
1560.0,41.74,1609.1764
1554.0,40.67,1599.0142
1507.0,40.75,1587.195
1563.0,40.54,1572.4298
1572.0,40.39,1558.7412
1539.0,41.75,1550.7197
1550.0,42.87,1545.5563
1532.0,43.04,1541.7593
1518.0,42.59,1538.15
1514.0,41.71,1534.1614
1478.0,41.65,1531.2407
1521.0,41.85,1528.1675
1526.0,39.94,1525.0793
1563.0,41.08,1522.7345
1564.0,39.97,1521.2286
1562.0,37.65,1521.1925
1557.0,37.51,1522.0667
1555.0,37.16,1523.6869
1550.0,36.76,1524.4634
1528.0,35.62,1525.23
1505.0,36.31,1526.0725
1507.0,37.35,1526.0652
1515.0,35.52,1525.6631
1508.0,34.95,1524.86
1513.0,34.73,1523.5898
1508.0,34.74,1522.7142
1527.0,36.14,1521.5397
1534.0,37.5,1520.1482
1525.0,38.1,1518.6365
1525.0,36.81,1517.5178
1517.0,37.87,1516.6625
1515.0,36.6,1516.0984
1530.0,37.04,1515.514
1528.0,36.76,1514.914
1507.0,35.97,1514.9469
1492.0,33.97,1515.3134
1479.0,33.27,1515.4557
1485.0,33.16,1514.8824
1444.0,31.41,1513.8143
1448.0,30.44,1511.7601
1457.0,30.48,1509.3368
1438.0,31.2,1506.5691
1441.0,29.42,1503.3895
1439.0,29.75,1500.0223
1420.0,30.02,1496.3323
1412.0,28.46,1492.4409
1366.0,26.55,1488.2035
1370.0,29.53,1482.9337
1395.0,32.19,1477.4536
1389.0,30.34,1472.5956
1390.0,31.45,1468.4827
1416.0,32.3,1464.741
1402.0,33.22,1461.2534
1382.0,33.62,1459.0944
1408.0,31.62,1456.6486
1427.0,29.88,1454.1584
1431.0,32.28,1452.4569
1462.0,31.72,1451.5731
1454.0,30.89,1452.2493
1416.0,29.69,1454.0515
1416.0,27.94,1455.6631
1420.0,27.45,1457.705
1408.0,26.21,1459.1066
1441.0,29.44,1459.6202
1433.0,30.6,1460.3881
1442.0,29.04,1461.9392
1442.0,30.66,1463.5396
1428.0,30.77,1465.6929
1417.0,29.64,1467.6843
1418.0,31.48,1468.0944
1397.0,31.87,1467.2418
1371.0,32.15,1465.8572
1368.0,33.07,1463.409
1366.0,32.78,1461.1997
1413.0,33.75,1459.9886
1377.0,34.4,1459.3651
1391.0,34.66,1458.2052
1394.0,34.57,1457.1084
1393.0,35.92,1454.6798
1394.0,37.9,1452.3995
1408.0,36.5,1450.2831
1420.0,38.29,1448.649
1402.0,37.84,1447.9374
1427.0,38.5,1447.6389
1438.0,37.18,1448.0349
1423.0,36.34,1449.7086
1426.0,38.46,1451.9946
1459.0,40.2,1453.9098
1482.0,39.44,1456.6157
1473.0,39.91,1459.0215
1514.0,41.45,1462.65
1515.0,39.79,1467.1434
1491.0,39.46,1472.259
1458.0,39.39,1476.9587
1496.0,38.28,1480.6831
1504.0,38.32,1483.8969
1501.0,38.34,1486.8129
1519.0,36.79,1490.1249
1506.0,35.7,1492.9343
1490.0,35.89,1496.4169
1502.0,37.75,1499.8883
1528.0,37.26,1502.7479
1543.0,39.72,1504.136
1575.0,40.36,1505.2893
1585.0,42.17,1507.6526
1546.0,41.76,1510.9214
1552.0,41.5,1514.4182
1552.0,40.36,1518.3346
1555.0,39.78,1522.3616
1565.0,41.08,1524.9767
1578.0,42.63,1527.1371
1567.0,43.18,1529.2783
1557.0,43.73,1530.7421
1571.0,42.64,1532.1582
1589.0,44.04,1533.5452
1573.0,45.33,1536.685
1578.0,46.03,1539.033
1588.0,45.92,1540.6825
1588.0,44.78,1541.9142
1579.0,43.65,1543.7386
1585.0,43.78,1546.0233
1617.0,44.32,1547.9957
1649.0,44.66,1551.1927
1635.0,43.44,1554.9922
1660.0,44.66,1560.1377
1671.0,46.23,1572.2437
1678.0,46.7,1587.0654
1680.0,46.21,1605.3665
1686.0,47.72,1626.8983
1699.0,48.31,1646.8633
1669.0,48.19,1661.241
1638.0,48.16,1669.5677
1660.0,47.75,1672.4307
1643.0,48.08,1671.4354
1648.0,48.62,1666.9182
1644.0,49.56,1660.2479
1639.0,49.48,1652.7098
1640.0,49.33,1646.4429
1640.0,49.51,1642.9202
1648.0,49.1,1641.035
1667.0,49.01,1639.1874
1656.0,49.17,1639.8313
1668.0,48.62,1642.1525
1689.0,49.69,1646.0612
1712.0,50.36,1651.3749
1726.0,51.23,1659.7078
1714.0,50.56,1671.5868
1674.0,49.07,1682.4014
1681.0,48.88,1690.3331
1651.0,48.49,1693.6793
1646.0,48.01,1692.0358
1648.0,46.21,1685.6971
1674.0,47.98,1675.4071
1693.0,49.37,1665.757
1715.0,48.85,1662.3042
1708.0,49.13,1664.8903
1718.0,50.11,1673.9518
1669.0,47.64,1684.9858
1664.0,46.33,1692.0872
1701.0,47.85,1693.9617
1722.0,49.88,1692.2683
1717.0,48.33,1689.9282
1745.0,48.99,1689.149
1768.0,48.65,1692.0558
1759.0,46.6,1700.2284
1749.0,47.43,1710.0051
1762.0,45.14,1718.2311
1797.0,45.41,1722.838
1829.0,44.76,1726.2559
1809.0,46.8,1730.9222
1816.0,44.75,1738.7115
1842.0,45.68,1746.0532
1819.0,45.95,1760.2452
1814.0,45.24,1774.239
1812.0,44.65,1783.6942
1816.0,44.94,1787.5535
1818.0,44.75,1789.4346
1788.0,44.19,1788.2369
1786.0,43.13,1783.5225
1811.0,42.92,1776.4003
1804.0,41.92,1771.4985
1813.0,41.14,1768.5856
1848.0,41.6,1767.783
1843.0,40.06,1771.4713
1851.0,39.51,1783.6874
1853.0,40.83,1798.824
1846.0,41.93,1812.2024
1853.0,41.8,1823.0138
1855.0,43.02,1831.0109
1848.0,42.77,1836.6234
1848.0,41.71,1839.4623
1841.0,43.49,1838.9965
1835.0,44.49,1837.2479
1834.0,45.74,1834.6418
1810.0,46.58,1830.5078
1785.0,46.79,1824.2328
1823.0,48.22,1813.0781
1817.0,48.52,1801.0609
1831.0,47.05,1790.974
1821.0,48.1,1787.1025
1810.0,46.77,1787.5946
1797.0,47.33,1790.2291
1819.0,47.64,1790.3982
1819.0,46.98,1788.8173
1816.0,46.35,1787.2797
1828.0,44.7,1786.2225
1852.0,43.16,1786.0912
1865.0,44.44,1790.628
1877.0,45.07,1802.3387
1889.0,44.83,1818.1677
1912.0,45.5,1839.365
1927.0,47.62,1859.6858
1909.0,45.88,1878.72
1926.0,46.29,1892.3136
1943.0,44.9,1900.6157
1942.0,43.58,1905.9839
1936.0,43.91,1910.745
1937.0,43.03,1913.9834
1960.0,43.3,1915.6279
1955.0,43.44,1917.8302
1986.0,45.34,1920.5275
1966.0,44.48,1926.576
1975.0,45.93,1934.4689
1995.0,44.67,1942.0845
1996.0,47.05,1949.3612
2010.0,47.83,1955.585
1986.0,48.69,1961.9113
2020.0,49.83,1966.3921
2012.0,50.44,1970.9371
2029.0,49.81,1974.5751
2046.0,51.35,1978.5026
2059.0,50.79,1983.5746
2070.0,50.18,1989.8269
2070.0,50.44,1996.787
2074.0,50.35,2003.116
2109.0,49.94,2009.5543
2153.0,50.29,2016.8176
2129.0,51.6,2027.5712
2122.0,50.43,2039.7175
2153.0,50.85,2050.5837
2161.0,50.52,2060.461
2178.0,49.96,2068.307
2178.0,49.18,2074.766
2175.0,49.72,2079.9116
2187.0,48.7,2084.2751
2184.0,46.86,2089.072
2158.0,46.67,2092.6357
2164.0,45.34,2093.7825
2166.0,44.66,2092.2112
2188.0,44.07,2089.3215
2194.0,44.89,2086.838
2085.0,44.98,2085.893
2133.0,45.27,2084.4873
2077.0,44.66,2081.075
2027.0,43.41,2072.9937
2099.0,43.32,2059.406
2136.0,45.81,2041.2318
2163.0,45.57,2033.0197
2163.0,45.42,2034.6088
2152.0,45.69,2046.1086
2083.0,47.49,2059.9072
2099.0,48.03,2069.9563
2046.0,47.96,2073.4204
2022.0,47.98,2068.2878
2032.0,46.06,2051.696
2078.0,47.08,2023.1926
2046.0,45.23,2005.7747
2026.0,49.44,2002.4653
1983.0,51.06,2004.6367
2043.0,51.68,2005.1718
2043.0,51.79,2001.927
2032.0,50.93,1998.407
2021.0,49.77,1996.4711
2011.0,50.84,1996.4312
1989.0,51.5,1996.8092
2017.0,52.83,1991.9988
2046.0,52.98,1982.8536
2053.0,51.04,1979.3539
2056.0,50.9,1984.4832
2083.0,51.9,1992.1799
2129.0,52.12,2000.7863
2123.0,52.23,2011.6772
2113.0,52.49,2023.7197
2064.0,52.95,2035.3303
2089.0,53.02,2044.7085
2089.0,53.9,2050.7
2077.0,54.06,2049.6982
2116.0,53.77,2043.131
2138.0,53.72,2038.5398
2138.0,54.03,2039.5413
2124.0,52.33,2045.0599
2165.0,53.26,2052.6924
2154.0,53.76,2061.682
2140.0,53.99,2069.933
2141.0,51.96,2074.9744
2162.0,50.82,2077.2324
2218.0,52.25,2076.9993
2198.0,53.01,2079.0862
2202.0,52.37,2083.1064
2233.0,52.52,2089.7468
2238.0,52.48,2098.9883
2245.0,51.08,2108.81
2261.0,51.37,2117.8147
2261.0,52.42,2124.813
2248.0,52.75,2129.8633
2212.0,53.18,2134.3845
2231.0,52.75,2134.4788
2210.0,53.78,2131.1433
2238.0,53.17,2125.3909
2237.0,52.63,2119.6401
2222.0,52.81,2115.786
2257.0,53.88,2115.476
2201.0,53.54,2118.0154
2197.0,53.83,2120.7654
2181.0,53.01,2120.942
2172.0,52.17,2116.88
2136.0,52.34,2108.9248
2157.0,53.0,2097.8533
2159.0,53.86,2086.3984
2139.0,52.93,2078.8894
2128.0,53.2,2074.8098
2148.0,53.11,2072.5095
2179.0,53.36,2072.1277
2174.0,53.4,2072.4646
2186.0,53.97,2074.6746
2189.0,54.06,2079.5828
2161.0,53.59,2086.0876
2155.0,54.45,2091.4395
2126.0,53.99,2093.8745
2100.0,54.05,2091.1687
2143.0,54.01,2082.4658
2149.0,53.83,2071.8162
2215.0,52.61,2064.3284
2194.0,53.33,2064.1792
2176.0,53.2,2070.961
2169.0,53.14,2081.6472
2189.0,50.28,2091.3264
2182.0,49.28,2097.853
2170.0,48.49,2100.9126
2164.0,48.4,2098.882
2169.0,47.72,2092.4639
2180.0,48.86,2088.5356
2183.0,48.75,2086.0981
2184.0,48.78,2085.8853
2196.0,48.22,2087.8093
2171.0,47.34,2090.754
2164.0,48.04,2093.8186
2163.0,47.7,2094.8484
2139.0,47.97,2093.4312
2186.0,47.73,2089.301
2168.0,48.37,2085.0447
2171.0,49.51,2081.8293
2161.0,50.35,2081.6772
2149.0,50.6,2083.1467
2174.0,50.24,2084.9102
2172.0,51.03,2085.792
2179.0,51.15,2085.5342
2169.0,51.7,2085.583
2194.0,52.24,2086.211
2180.0,53.08,2088.4326
2199.0,53.4,2091.2192
2183.0,53.11,2094.3071
2173.0,53.18,2096.68
2190.0,52.41,2097.8396
2174.0,50.44,2097.6528
2124.0,50.27,2096.1294
1990.0,49.62,2091.7866
1936.0,49.23,2078.6238
1916.0,49.56,2051.1384
1929.0,49.62,1998.3557
1910.0,48.97,1944.8877
1946.0,49.33,1902.2443
1995.0,47.66,1877.6246
2034.0,47.82,1882.9669
1992.0,45.52,1907.342
2027.0,46.43,1939.435
2020.0,45.88,1965.7887
2014.0,47.33,1984.5623
1984.0,47.83,1993.3002
1994.0,47.84,1994.044
1969.0,48.85,1982.961
1959.0,48.66,1969.0023
1997.0,49.07,1953.7874
1984.0,49.35,1945.084
1977.0,50.33,1942.7086
1925.0,50.73,1945.0084
1936.0,51.47,1944.5096
1905.0,51.36,1937.098
1934.0,48.9,1924.9844
1991.0,49.8,1914.234
1991.0,49.97,1908.8671
2010.0,49.66,1915.1727
1995.0,48.32,1931.5428
2015.0,47.4,1954.0076
1991.0,45.72,1971.076
2021.0,45.83,1981.6234
2048.0,46.08,1986.0073
2040.0,46.46,1984.3177
2056.0,44.73,1984.9481
2105.0,44.46,1990.0226
2125.0,44.74,1997.7426
2108.0,44.2,2007.9359
2074.0,43.23,2020.0872
2072.0,42.53,2031.4109
2030.0,42.74,2040.2228
2078.0,43.01,2041.2065
2090.0,43.38,2033.3401
2086.0,44.24,2024.681
2092.0,44.74,2021.7253
2132.0,44.93,2024.8474
2149.0,46.04,2032.3423
2146.0,47.07,2041.5155
2149.0,47.13,2052.1667
2157.0,45.13,2062.6228
2150.0,45.52,2070.9448
2111.0,44.23,2076.8804
2100.0,44.4,2078.1963
2072.0,45.04,2073.5361
2097.0,45.49,2064.3777
2145.0,46.08,2054.172
2146.0,46.54,2046.8641
2126.0,46.02,2046.6825
2131.0,46.4,2051.5627
2110.0,47.12,2059.392
2113.0,46.79,2064.6794
2143.0,45.77,2066.9587
2103.0,46.34,2066.4578
2100.0,47.89,2063.444
2143.0,48.75,2059.0027
2141.0,49.04,2056.8591
2129.0,49.71,2057.5876
2123.0,50.17,2059.9497
2104.0,49.16,2063.023
2136.0,49.59,2064.873
2134.0,49.03,2064.9114
2133.0,49.58,2063.5427
2157.0,49.39,2062.6519
2157.0,49.17,2063.5505
2131.0,49.56,2067.081
2089.0,48.59,2070.7346
2133.0,48.82,2071.4617
2100.0,47.59,2069.604
2053.0,47.55,2064.9038
2054.0,46.78,2056.0889
2054.0,47.09,2043.8685
2101.0,48.51,2029.9292
2119.0,47.37,2022.0825
2135.0,47.64,2023.0171
2100.0,48.41,2030.4786
2067.0,47.43,2040.428
2112.0,47.87,2047.9214
2105.0,46.44,2053.124
2075.0,45.96,2054.176
2069.0,47.23,2050.6606
2059.0,47.29,2044.1066
2021.0,47.41,2036.758
1969.0,48.66,2024.973
1945.0,49.16,2009.0217
1950.0,49.09,1986.3907
1960.0,47.48,1956.3562
1951.0,48.07,1932.4612
1969.0,48.23,1920.1029
1993.0,49.89,1918.4933
1992.0,49.89,1925.7551
1983.0,49.48,1939.5814
2035.0,50.41,1954.8141
2012.0,50.55,1967.9995
1999.0,51.88,1977.112
1950.0,52.14,1981.8665
1949.0,51.56,1978.7097
1968.0,51.67,1965.7902
1977.0,50.58,1950.2926
1982.0,50.42,1937.2792
1977.0,49.98,1931.4935
1967.0,50.79,1935.3961
1989.0,49.29,1942.5908
1974.0,49.58,1949.1919
1981.0,50.92,1953.6271
1947.0,51.3,1954.8259
1968.0,50.6,1950.4595
1982.0,51.45,1943.131
1954.0,51.87,1939.8599
1944.0,51.88,1937.2772
1949.0,52.04,1933.8982
1973.0,51.29,1930.1919
1965.0,51.47,1928.7194
1968.0,51.9,1929.929
1945.0,52.47,1932.8033
1961.0,52.18,1935.5775
1949.0,52.64,1936.1022
1944.0,53.9,1934.0197
1910.0,54.15,1929.6423
1878.0,54.38,1922.6344
1838.0,54.3,1912.9215
1870.0,54.54,1897.2645
1856.0,55.64,1875.5277
1855.0,57.35,1851.4454
1824.0,57.2,1834.054
1810.0,56.81,1822.0023
1824.0,57.17,1812.1539
1816.0,56.74,1803.2043
1824.0,56.76,1794.9525
1836.0,55.7,1791.5496
1847.0,55.33,1792.185
1845.0,55.14,1798.3433
1824.0,56.55,1808.182
1810.0,56.09,1814.8633
1801.0,56.83,1816.507
1757.0,58.02,1813.3363
1756.0,58.38,1802.4187
1749.0,58.95,1782.6659
1720.0,58.11,1762.0944
1743.0,57.99,1745.2943
1766.0,57.3,1733.5605
1726.0,57.4,1727.7323
1750.0,58.36,1725.6099
1720.0,57.47,1724.7745
1747.0,57.62,1723.9854
1744.0,55.96,1723.5048
1723.0,56.69,1722.6675
1740.0,57.36,1721.5077
1720.0,57.99,1720.269
1680.0,57.14,1718.5173
1713.0,56.6,1715.6171
1740.0,57.04,1712.0475
1723.0,57.3,1709.3207
1726.0,57.16,1709.0219
1713.0,57.46,1710.127
1713.0,58.09,1710.3347
1705.0,58.36,1711.55
1712.0,58.47,1710.5311
1711.0,59.97,1709.0303
1711.0,59.64,1706.8312
1715.0,59.84,1704.8931
1718.0,60.42,1704.4476
1733.0,60.37,1704.2721
1735.0,61.63,1705.7809
1728.0,62.01,1709.5592
1724.0,61.44,1712.3278
1686.0,61.73,1713.7754
1724.0,62.96,1713.2042
1726.0,63.57,1711.0621
1727.0,63.8,1708.986
1728.0,64.3,1708.0583
1729.0,64.73,1709.1082
1727.0,63.73,1710.9595
1769.0,63.97,1713.0546
1793.0,63.95,1716.3916
1756.0,63.37,1720.78
1767.0,63.49,1725.1654
1749.0,64.47,1729.3254
1775.0,65.61,1732.8188
1763.0,65.51,1733.7668
1767.0,66.14,1732.4502
1757.0,65.56,1732.0333
1728.0,64.5,1731.4003
1762.0,64.73,1729.5746
1752.0,65.8,1728.0125
1745.0,65.45,1727.546
1752.0,64.15,1726.8533
1770.0,63.39,1726.7295
1761.0,61.79,1726.9893
1768.0,61.15,1727.658
1769.0,59.2,1730.2527
1769.0,59.29,1732.7406
1778.0,59.19,1735.3081
1782.0,60.6,1736.6936
1783.0,61.34,1738.3486
1754.0,61.68,1740.41
1741.0,62.38,1740.9816
1770.0,61.9,1740.175
1766.0,61.68,1737.0062
1759.0,62.77,1734.4973
1751.0,63.55,1732.7831
1744.0,63.91,1731.4188
1735.0,63.01,1729.8395
1724.0,61.64,1728.3762
1768.0,60.99,1726.1919
1751.0,61.25,1724.7659
1755.0,62.57,1724.2689
1777.0,62.6,1724.6249
1785.0,61.15,1726.1635
1760.0,60.12,1729.5542
1780.0,62.04,1735.1327
1769.0,61.36,1740.1837
1763.0,60.71,1741.4305
1752.0,60.96,1740.117
1728.0,61.19,1737.2352
1745.0,62.34,1732.892
1757.0,62.06,1728.39
1754.0,63.4,1726.2375
1752.0,65.17,1725.6384
1742.0,64.3,1725.5034
1690.0,65.88,1726.0886
1688.0,65.55,1724.9545
1735.0,65.25,1721.7351
1729.0,64.38,1717.3953
1725.0,64.94,1714.2533
1759.0,63.51,1712.2845
1770.0,63.37,1713.5431
1768.0,63.54,1717.8534
1746.0,62.06,1723.2372
1759.0,63.42,1727.5275
1736.0,65.51,1730.9291
1734.0,66.82,1730.6953
1736.0,67.07,1727.491
1736.0,67.39,1724.1218
1729.0,66.22,1720.9656
1754.0,66.52,1719.5662
1772.0,68.47,1719.8872
1767.0,68.29,1721.6571
1759.0,68.38,1725.0062
1769.0,68.64,1729.0847
1782.0,67.7,1733.9971
1760.0,68.05,1737.9712
1771.0,68.19,1739.198
1762.0,68.1,1739.1721
1756.0,68.57,1737.5867
1815.0,67.25,1735.7535
1807.0,67.93,1737.0901
1831.0,68.43,1743.0186
1813.0,69.72,1753.9768
1794.0,69.06,1767.7238
1747.0,71.14,1780.5067
1743.0,71.36,1782.7197
1758.0,70.7,1772.6005
1742.0,70.96,1759.9034
1728.0,71.31,1745.9504
1737.0,71.49,1734.2616
1750.0,71.49,1727.1311
1762.0,71.28,1725.2618
1795.0,72.24,1725.5449
1790.0,72.13,1728.5225
1751.0,71.84,1736.4512
1755.0,70.71,1744.1204
1752.0,67.88,1746.6288
1752.0,67.05,1744.5311
1741.0,66.73,1738.6453
1732.0,68.21,1732.0779
1752.0,67.04,1727.3977
1738.0,65.81,1724.8197
1732.0,64.75,1723.5796
1733.0,65.52,1723.3306
1736.0,64.73,1722.8696
1723.0,65.95,1722.1525
1712.0,65.74,1721.106
1723.0,66.1,1719.185
1715.0,66.36,1716.8264
1693.0,66.64,1714.8591
1701.0,66.89,1712.2747
1690.0,65.06,1709.3451
1687.0,65.85,1706.0558
1685.0,65.07,1702.543
1695.0,66.22,1699.4924
1701.0,65.54,1696.6426
1705.0,68.58,1695.5294
1676.0,68.08,1696.4944
1686.0,70.53,1696.9784
1705.0,72.76,1696.6082
1697.0,73.45,1696.6865
1690.0,74.15,1696.9618
1677.0,73.94,1696.4529
1685.0,74.14,1695.4928
1689.0,74.13,1694.7534
1639.0,72.94,1693.2029
1662.0,73.8,1689.9628
1695.0,73.85,1685.4288
1705.0,74.11,1682.5342
1672.0,70.38,1682.6893
1681.0,70.33,1684.4784
1666.0,71.01,1687.177
1670.0,68.06,1689.3943
1654.0,68.08,1689.217
1651.0,68.76,1685.3016
1672.0,69.46,1679.6005
1683.0,70.46,1674.6721
1686.0,67.89,1673.0847
1693.0,68.52,1674.1245
1680.0,69.3,1677.8267
1643.0,69.61,1683.9458
1645.0,68.69,1686.915
1652.0,70.13,1684.6357
1637.0,68.76,1678.6125
1639.0,67.66,1670.985
1633.0,68.96,1662.21
1642.0,68.49,1655.39
1652.0,69.01,1650.3704
1648.0,69.17,1649.0509
1630.0,66.94,1650.6523
1641.0,66.81,1650.9154
1638.0,67.63,1651.3229
1624.0,67.2,1651.3145
1620.0,67.04,1648.735
1592.0,65.01,1644.4395
1596.0,65.46,1637.2733
1560.0,65.91,1627.933
1566.0,66.43,1615.8536
1561.0,67.35,1602.9186
1548.0,67.86,1589.0697
1531.0,67.83,1575.2489
1541.0,68.72,1561.3364
1536.0,68.53,1553.5773
1546.0,69.51,1546.6925
1522.0,70.25,1542.5618
1501.0,69.8,1538.2643
1489.0,70.12,1533.6082
1475.0,69.87,1530.8722
1501.0,68.72,1527.9419
1492.0,67.77,1524.5511
1491.0,67.75,1521.0839
1477.0,67.54,1517.927
1478.0,69.25,1514.8657
1516.0,70.37,1512.3173
1500.0,68.59,1510.3737
1489.0,68.99,1508.9331
1479.0,68.91,1507.4877
1492.0,69.85,1506.2463
1487.0,71.12,1505.0674
1508.0,70.8,1504.7505
1489.0,70.78,1504.8053
1513.0,72.08,1504.7537
1504.0,72.28,1505.0427
1508.0,71.57,1505.7534
1512.0,72.12,1507.1823
1541.0,73.25,1508.2216
1552.0,75.3,1509.9482
1591.0,75.23,1512.1278
1586.0,76.41,1514.9629
1615.0,74.33,1519.0374
1662.0,74.34,1524.1
1700.0,74.29,1530.2604
1704.0,74.96,1540.5149
1698.0,73.17,1559.1757
1699.0,70.97,1597.2754
1725.0,71.34,1644.4598
1752.0,71.78,1678.6909
1755.0,71.92,1699.0225
1776.0,69.75,1710.5732
1775.0,68.65,1717.8264
1739.0,69.12,1722.6597
1721.0,69.17,1725.9656
1719.0,66.43,1727.3147
1717.0,66.82,1726.5117
1707.0,67.33,1723.3507
1730.0,67.59,1718.38
1687.0,67.04,1713.5994
1676.0,66.18,1709.7439
1675.0,65.31,1706.9297
1712.0,63.69,1703.7528
1729.0,63.14,1700.8495
1688.0,63.1,1700.3232
1669.0,62.21,1701.0046
1687.0,61.67,1700.3951
1684.0,60.67,1698.1831
1685.0,60.19,1695.6688
1654.0,59.93,1692.3354
1656.0,55.69,1688.3247
1663.0,56.25,1683.1113
1667.0,56.46,1678.164
1646.0,56.46,1672.5605
1632.0,56.76,1668.5107
1625.0,53.43,1664.4844
1615.0,54.63,1659.1237
1610.0,54.02,1650.5428
1611.0,50.42,1638.7737
1637.0,51.63,1627.5989
1647.0,51.56,1620.4269
1630.0,50.29,1615.6677
1625.0,51.45,1615.3008
1599.0,50.93,1616.1467
1590.0,52.95,1617.3953
1581.0,53.25,1615.2999
1580.0,52.89,1609.1381
1563.0,51.49,1599.8014
1554.0,52.61,1588.9315
1548.0,51.0,1577.141
1527.0,51.65,1563.5986
1522.0,51.15,1555.775
1504.0,52.58,1547.8699
1470.0,51.2,1542.2931
1478.0,49.88,1535.0405
1487.0,46.24,1529.7361
1507.0,47.2,1525.3113
1524.0,45.88,1521.1964
1491.0,45.59,1517.9371
1515.0,42.53,1515.4032
1515.0,46.22,1513.4122
1508.0,44.61,1511.6887
1528.0,45.33,1510.1445
1525.0,45.41,1508.9856
1530.0,46.54,1508.5455
1556.0,47.09,1509.0745
1545.0,47.96,1510.5577
1542.0,48.52,1513.0386
1556.0,49.78,1515.9451
1535.0,52.36,1518.9752
1536.0,52.59,1521.355
1543.0,51.59,1523.0841
1528.0,50.51,1524.4255
1527.0,52.11,1525.611
1539.0,52.31,1525.9191
1535.0,52.07,1526.2499
1544.0,53.8,1526.2157
1538.0,54.24,1526.0681
1516.0,52.57,1526.0741
1523.0,52.62,1525.8749
1548.0,53.13,1525.4323
1534.0,53.69,1525.1619
1533.0,51.99,1524.6553
1558.0,53.31,1524.1813
1548.0,54.23,1524.3577
1572.0,53.79,1524.7793
1571.0,55.26,1525.93
1578.0,54.56,1527.5543
1557.0,53.66,1529.1769
1573.0,54.01,1530.886
1566.0,52.64,1532.8218
1550.0,52.72,1534.9587
1528.0,52.41,1537.3251
1535.0,53.1,1539.0824
1534.0,53.9,1538.4554
1537.0,54.41,1536.2595
1555.0,55.59,1533.4343
1555.0,56.27,1532.2347
1538.0,56.09,1531.1985
1544.0,56.92,1530.7236
1533.0,56.96,1530.3326
1539.0,57.26,1529.9722
1550.0,55.48,1529.6761
1538.0,55.5,1529.3843
1548.0,56.94,1528.8899
1537.0,57.22,1528.4954
1534.0,55.8,1528.3744
1521.0,56.59,1528.4551
1527.0,56.56,1528.2974
1532.0,56.22,1527.8798
1505.0,56.66,1527.1053
1530.0,56.07,1525.9236
1532.0,56.79,1524.6921
1525.0,56.87,1523.6818
1518.0,58.26,1522.9764
1490.0,58.61,1522.5426
1485.0,58.52,1521.7123
1485.0,59.09,1520.0514
1508.0,59.03,1518.4628
1495.0,59.83,1516.1311
1503.0,59.98,1513.8644
1494.0,59.04,1512.3076
1499.0,58.82,1511.2644
1512.0,59.94,1510.5173
1503.0,59.41,1509.8401
1492.0,59.3,1509.5074
1471.0,60.14,1508.3468
1437.0,61.59,1507.3533
1429.0,62.58,1505.5571
1472.0,62.46,1503.2144
1465.0,62.1,1500.7616
1437.0,63.08,1498.3807
1442.0,64.4,1495.8193
1442.0,63.98,1493.6621
1452.0,64.61,1492.0771
1421.0,63.58,1489.763
1418.0,63.89,1486.6317
1438.0,63.4,1482.9084
1431.0,64.05,1479.6467
1412.0,63.76,1477.0471
1416.0,64.0,1474.9834
1399.0,66.3,1473.2291
1391.0,65.89,1471.6692
1390.0,65.21,1469.9324
1410.0,63.3,1466.7543
1403.0,63.5,1464.0289
1407.0,63.91,1462.4617
1376.0,63.6,1461.0161
1364.0,61.81,1459.448
1345.0,61.94,1457.1261
1295.0,61.4,1454.2905
1290.0,62.12,1449.8529
1345.0,61.7,1444.3663
1364.0,61.66,1439.7806
1346.0,61.04,1437.3816
1392.0,61.78,1436.0096
1375.0,62.02,1436.1674
1335.0,62.87,1436.3185
1301.0,62.76,1435.4236
1334.0,63.1,1432.1322
1364.0,62.99,1428.5474
1361.0,61.42,1426.2853
1369.0,57.91,1425.6674
1368.0,58.63,1426.0787
1392.0,59.14,1427.8793
1430.0,58.81,1431.4476
1474.0,56.59,1435.8246
1498.0,53.5,1440.1603
1500.0,53.25,1445.7694
1504.0,53.48,1452.038
1437.0,51.68,1457.7828
1455.0,52.59,1461.98
1455.0,53.99,1466.2296
1441.0,53.26,1470.6355
1415.0,53.27,1473.6039
1429.0,51.14,1474.9772
1414.0,52.28,1475.9554
1392.0,52.51,1477.342
1386.0,51.93,1478.6055
1372.0,53.9,1478.1063
1372.0,53.76,1475.1964
1419.0,56.65,1470.3259
1414.0,57.43,1466.1102
1422.0,57.9,1462.782
1455.0,57.83,1460.3146
1434.0,59.38,1460.5106
1430.0,59.43,1460.7144
1451.0,58.47,1460.8672
1474.0,59.09,1461.3545
1444.0,56.25,1463.0167
1455.0,57.34,1464.3431
1474.0,56.8,1466.3269
1444.0,57.51,1468.8851
1426.0,57.66,1471.7689
1436.0,57.83,1474.4744
1430.0,60.43,1476.2533
1427.0,60.2,1476.179
1424.0,60.21,1476.1101
1434.0,59.58,1475.7551
1401.0,57.62,1474.7404
1423.0,56.78,1474.1499
1427.0,55.3,1473.198
1419.0,55.63,1471.827
1393.0,56.22,1469.8062
1369.0,56.77,1467.9414
1360.0,55.88,1465.2053
1358.0,56.02,1461.4535
1373.0,56.2,1457.9695
1397.0,56.87,1455.0317
1382.0,58.05,1452.8853
1367.0,58.58,1451.6238
1335.0,53.95,1450.1298
1337.0,55.66,1447.8315
1323.0,54.69,1444.4639
1334.0,53.63,1440.8342
1328.0,51.09,1436.7184
1338.0,52.54,1432.9644
1321.0,54.5,1430.2925
1296.0,54.93,1428.6107
1332.0,57.1,1426.727
1338.0,55.23,1425.4109
1354.0,54.47,1424.1731
1333.0,54.87,1422.9325
1319.0,56.21,1421.6985
1324.0,56.34,1420.4576
1328.0,55.68,1419.126
1327.0,55.35,1418.6185
1314.0,54.17,1418.1359
1339.0,54.93,1417.6068
1351.0,55.78,1417.505
1325.0,56.71,1418.1824
1334.0,55.1,1418.564
1329.0,54.66,1419.3334
1304.0,53.94,1420.3016
1310.0,56.26,1419.2645
1272.0,56.3,1417.7163
1295.0,56.52,1415.1432
1304.0,57.85,1413.1945
1327.0,57.4,1412.3104
1338.0,55.75,1412.3379
1331.0,55.09,1413.3153
1318.0,54.85,1414.1884
1328.0,62.9,1414.8601
1313.0,59.34,1414.6221
1319.0,58.11,1413.5833
1300.0,58.13,1413.1261
1304.0,58.09,1411.7083
1316.0,58.64,1410.6921
1317.0,57.29,1410.5912
1331.0,56.49,1410.8663
1332.0,56.41,1412.691
1341.0,55.91,1414.3499
1340.0,54.07,1415.8231
1330.0,53.62,1416.4487
1322.0,52.64,1416.6031
1331.0,52.45,1416.3063
1312.0,52.81,1416.1129
1276.0,52.75,1415.4087
1282.0,52.63,1413.9617
1280.0,52.59,1412.1213
1277.0,53.55,1411.1132
1263.0,54.7,1409.7706
1276.0,53.59,1408.3927
1264.0,52.81,1406.8654
1240.0,53.36,1404.628
1227.0,53.93,1401.5323
1251.0,53.78,1397.6849
1244.0,53.31,1393.943
1248.0,54.16,1390.4286
1241.0,55.97,1387.7715
1237.0,56.23,1384.9767
1250.0,56.66,1382.5016
1277.0,55.81,1381.3639
1276.0,55.54,1381.1566
1291.0,55.06,1381.4495
1322.0,54.18,1382.6702
1322.0,56.2,1385.2743
1306.0,56.54,1388.1787
1339.0,57.23,1391.2085
1352.0,56.35,1395.0748
1378.0,57.15,1399.4011
1384.0,57.24,1404.3407
1375.0,56.86,1409.798
1371.0,56.8,1414.894
1411.0,57.12,1419.7156
1421.0,56.77,1424.6096
1398.0,57.72,1429.7007
1372.0,57.05,1433.9507
1340.0,55.21,1437.1462
1386.0,57.11,1438.384
1402.0,58.58,1439.1864
1402.0,57.77,1440.6594
1418.0,58.01,1443.276
1391.0,58.41,1445.853
1402.0,58.11,1448.1102
1398.0,58.08,1449.4333
1406.0,55.17,1450.3214
1410.0,55.96,1450.8688
1412.0,56.1,1451.1804
1370.0,58.43,1450.8679
1401.0,58.43,1450.1583
1412.0,59.2,1450.285
1401.0,59.02,1451.5566
1453.0,59.24,1453.3577
1427.0,58.76,1454.8395
1447.0,59.18,1456.3358
1417.0,60.07,1458.4121
1450.0,60.21,1459.8644
1416.0,60.94,1461.7318
1409.0,60.93,1462.9121
1367.0,61.22,1463.378
1374.0,60.44,1462.0723
1335.0,60.52,1460.2996
1350.0,61.11,1457.8923
1387.0,61.72,1456.194
1375.0,61.68,1454.5908
1382.0,61.06,1453.1703
1380.0,61.18,1452.477
1372.0,63.05,1450.2401
1352.0,63.27,1448.5713
1364.0,62.7,1445.3246
1354.0,59.61,1442.6987
1338.0,59.56,1439.4617
1345.0,59.04,1436.8209
1312.0,58.08,1434.5802
1320.0,58.23,1432.7947
1327.0,57.81,1431.0604
1314.0,58.52,1430.2446
1319.0,58.54,1428.673
1305.0,58.73,1426.3248
1335.0,58.34,1423.9906
1337.0,56.74,1422.0554
1367.0,55.59,1420.7471
1319.0,54.19,1420.8317
1328.0,53.14,1420.5038
1337.0,53.48,1419.9417
1317.0,53.33,1418.9767
1315.0,52.14,1418.1685
1342.0,51.56,1416.9939
1302.0,50.11,1416.9729
1290.0,49.61,1416.6257
1284.0,50.75,1415.3148
1297.0,50.95,1414.1926
1290.0,50.32,1413.26
1285.0,49.57,1412.197
1299.0,49.94,1410.61
1287.0,51.17,1408.9872
1301.0,51.42,1406.7018
1314.0,52.05,1405.9489
1314.0,52.2,1405.5238
1293.0,52.05,1405.1849
1290.0,53.29,1404.6904
1279.0,53.78,1403.8918
1296.0,53.38,1401.9124
1273.0,51.43,1401.205
1282.0,49.9,1400.4248
1295.0,48.73,1400.1677
1289.0,47.09,1399.8463
1283.0,44.76,1400.0503
1291.0,46.75,1399.8569
1331.0,47.18,1399.6875
1307.0,46.78,1400.7797
1274.0,45.9,1401.2777
1245.0,41.28,1400.5681
1247.0,31.13,1398.4373
1279.0,34.36,1396.2174
1271.0,32.98,1394.3948
1249.0,31.5,1393.1915
1241.0,31.73,1392.4418
1221.0,28.7,1391.7942
1212.0,26.95,1389.6145
1227.0,20.37,1386.7593
1216.0,25.22,1384.2247
1244.0,22.43,1381.4946
1244.0,23.36,1378.9279
1257.0,24.01,1375.1333
1259.0,24.49,1373.31
1278.0,22.6,1373.0977
1244.0,21.51,1374.1528
1237.0,20.09,1374.1322
1222.0,20.48,1372.427
1204.0,20.31,1370.468
1234.0,25.32,1368.518
1220.0,28.34,1368.1499
1221.0,26.08,1368.5767
1233.0,23.63,1369.927
1230.0,25.09,1370.132
1219.0,22.76,1370.6096
1192.0,20.11,1369.659
1206.0,19.87,1367.8542
1205.0,19.87,1365.2849
1188.0,18.27,1362.3143
1177.0,-37.63,1358.9879
1139.0,10.01,1356.5845
1121.0,13.78,1353.0159
1150.0,16.5,1349.6404
1144.0,16.94,1347.2848
1150.0,12.78,1343.5304
1180.0,12.34,1340.5112
1186.0,15.06,1337.4111
1194.0,18.84,1334.3552
1205.0,19.78,1331.8304
1197.0,20.39,1330.436
1200.0,24.56,1330.087
1201.0,23.99,1329.1993
1186.0,23.55,1329.3958
1198.0,24.14,1329.4592
1180.0,25.78,1329.5383
1147.0,25.29,1332.1615
1168.0,27.56,1334.3871
1178.0,29.43,1335.7772
1182.0,31.82,1337.2343
1184.0,32.5,1339.0337
1186.0,33.49,1339.6251
1189.0,33.92,1339.7976
1207.0,33.25,1339.3035
1242.0,34.35,1338.9214
1232.0,32.81,1340.1427
1199.0,33.71,1341.7646
1189.0,35.49,1342.7831
1178.0,35.44,1343.2411
1198.0,36.81,1342.2803
1218.0,37.29,1342.0762
1210.0,37.41,1344.4999
